
-- test encoding
-- UTF-8
-- upper row:
-- ěščřžýáíéĚŠČŘŽÝÁÍÉ

ALTER SESSION SET CURRENT_SCHEMA = aero;

-- Reset sequences
EXECUTE reset_seq('zamestnani_seq');
EXECUTE reset_seq('zamestnanec_seq');
EXECUTE reset_seq('pilot_seq');
EXECUTE reset_seq('letadlo_seq');
EXECUTE reset_seq('let_seq');
EXECUTE reset_seq('letova_linka_seq');
EXECUTE reset_seq('pasazer_seq');
EXECUTE reset_seq('destinace_seq');

-- INSERTs
INSERT INTO typ_letadla (typ_letadla_id, nazev, pocet_mist) VALUES ('A310', 'Airbus A310', 150);
INSERT INTO typ_letadla (typ_letadla_id, nazev, pocet_mist) VALUES ('A319', 'Airbus A319', 170);
INSERT INTO typ_letadla (typ_letadla_id, nazev, pocet_mist) VALUES ('A320', 'Airbus A320', 145);
INSERT INTO typ_letadla (typ_letadla_id, nazev, pocet_mist) VALUES ('A321', 'Airbus A321', 210);
INSERT INTO typ_letadla (typ_letadla_id, nazev, pocet_mist) VALUES ('B737-400', 'Boeing B737-400', 120);
INSERT INTO typ_letadla (typ_letadla_id, nazev, pocet_mist) VALUES ('B737-500', 'Boeing B737-500', 107);
INSERT INTO typ_letadla (typ_letadla_id, nazev, pocet_mist) VALUES ('ATR72-202', 'ATR 72-202', 80);
INSERT INTO typ_letadla (typ_letadla_id, nazev, pocet_mist) VALUES ('ATR42-320', 'ATR 42-320/500', 86);
INSERT INTO typ_letadla (typ_letadla_id, nazev, pocet_mist) VALUES ('An-22', 'Antonov An-22', 240);
INSERT INTO typ_letadla (typ_letadla_id, nazev, pocet_mist) VALUES ('An-2', 'Antonov An-2', 220);
INSERT INTO typ_letadla (typ_letadla_id, nazev, pocet_mist) VALUES ('An-124', 'Antonov An-124', 240);
INSERT INTO typ_letadla (typ_letadla_id, nazev, pocet_mist) VALUES ('C172', 'Cessna 172', 2);
INSERT INTO typ_letadla (typ_letadla_id, nazev, pocet_mist) VALUES ('Concorde', 'Concorde', 160);
INSERT INTO typ_letadla (typ_letadla_id, nazev, pocet_mist) VALUES ('IL-96', 'Iljušin IL-96', 140);
INSERT INTO typ_letadla (typ_letadla_id, nazev, pocet_mist) VALUES ('IL-76', 'Iljušin IL-76', 150);
INSERT INTO typ_letadla (typ_letadla_id, nazev, pocet_mist) VALUES ('Tu-154', 'Tupolev Tu-154', 176);
INSERT INTO typ_letadla (typ_letadla_id, nazev, pocet_mist) VALUES ('SR-71', 'SR-71 Blackbird', 2);
INSERT INTO typ_letadla (typ_letadla_id, nazev, pocet_mist) VALUES ('MiG-25', 'MiG-25 Foxbat', 2);
INSERT INTO typ_letadla (typ_letadla_id, nazev, pocet_mist) VALUES ('Tu-16', 'Tu-16 Badger', 4);
INSERT INTO typ_letadla (typ_letadla_id, nazev, pocet_mist) VALUES ('F-14', 'F-14 Tomcat', 2);
INSERT INTO typ_letadla (typ_letadla_id, nazev, pocet_mist) VALUES ('F/A-18', 'F/A-18 Hornet', 2);
INSERT INTO typ_letadla (typ_letadla_id, nazev, pocet_mist) VALUES ('F-117', ' F-117 Nighthawk', 2);
INSERT INTO typ_letadla (typ_letadla_id, nazev, pocet_mist) VALUES ('B-52', 'B-52 Stratofortress', 8);
INSERT INTO typ_letadla (typ_letadla_id, nazev, pocet_mist) VALUES ('F-22', 'F-22 Raptor', 2);
INSERT INTO typ_letadla (typ_letadla_id, nazev, pocet_mist) VALUES ('B-2', 'B-2 Spirit', 2);
INSERT INTO typ_letadla (typ_letadla_id, nazev, pocet_mist) VALUES ('EF-2000', 'EF-2000 Eurofighter', 2);
INSERT INTO typ_letadla (typ_letadla_id, nazev, pocet_mist) VALUES ('JAS39', 'JAS 39 Gripen', 2);
INSERT INTO typ_letadla (typ_letadla_id, nazev, pocet_mist) VALUES ('Tu-22M', 'Tu-22M Backfire', 2);
INSERT INTO typ_letadla (typ_letadla_id, nazev, pocet_mist) VALUES ('M2000C', 'Dassault Mirage 2000C', 2);
INSERT INTO typ_letadla (typ_letadla_id, nazev, pocet_mist) VALUES ('C-5', 'C-5 Galaxy', 8);
INSERT INTO typ_letadla (typ_letadla_id, nazev, pocet_mist) VALUES ('An-225', 'Antonov 225 Mrija', 146);
INSERT INTO typ_letadla (typ_letadla_id, nazev, pocet_mist) VALUES ('L-1011-500', 'Lockheed L-1011-500 Tri Star', 120);
INSERT INTO typ_letadla (typ_letadla_id, nazev, pocet_mist) VALUES ('Dc-10', 'Douglas Dc-10', 108);

INSERT INTO destinace (nazev) VALUES ('Trondheim');
INSERT INTO destinace (nazev) VALUES ('Stockholm');
INSERT INTO destinace (nazev) VALUES ('Moscow');
INSERT INTO destinace (nazev) VALUES ('Samara');
INSERT INTO destinace (nazev) VALUES ('Tbilisi');
INSERT INTO destinace (nazev) VALUES ('Cairo');
INSERT INTO destinace (nazev) VALUES ('Dubai');
INSERT INTO destinace (nazev) VALUES ('Heraklion');
INSERT INTO destinace (nazev) VALUES ('Malta');
INSERT INTO destinace (nazev) VALUES ('Malorca');
INSERT INTO destinace (nazev) VALUES ('Palma');
INSERT INTO destinace (nazev) VALUES ('Ibiza');
INSERT INTO destinace (nazev) VALUES ('Barcelona');
INSERT INTO destinace (nazev) VALUES ('Madrid');
INSERT INTO destinace (nazev) VALUES ('Valencia');
INSERT INTO destinace (nazev) VALUES ('Prague');
INSERT INTO destinace (nazev) VALUES ('Paris');
INSERT INTO destinace (nazev) VALUES ('Lisbon');
INSERT INTO destinace (nazev) VALUES ('Malaga');
INSERT INTO destinace (nazev) VALUES ('Lion');
INSERT INTO destinace (nazev) VALUES ('Alicante');
INSERT INTO destinace (nazev) VALUES ('New York');
INSERT INTO destinace (nazev) VALUES ('London');
INSERT INTO destinace (nazev) VALUES ('Manchester');
INSERT INTO destinace (nazev) VALUES ('Hamburg');
INSERT INTO destinace (nazev) VALUES ('Helsinki');
INSERT INTO destinace (nazev) VALUES ('Edinburgh');
INSERT INTO destinace (nazev) VALUES ('Bergen');
INSERT INTO destinace (nazev) VALUES ('Stavanger');
INSERT INTO destinace (nazev) VALUES ('Copenhagen');
INSERT INTO destinace (nazev) VALUES ('Amsterdam');
INSERT INTO destinace (nazev) VALUES ('Zurich');
INSERT INTO destinace (nazev) VALUES ('Zagreb');
INSERT INTO destinace (nazev) VALUES ('Krakow');
INSERT INTO destinace (nazev) VALUES ('Warsaw');
INSERT INTO destinace (nazev) VALUES ('Minsk');
INSERT INTO destinace (nazev) VALUES ('Kiev');
INSERT INTO destinace (nazev) VALUES ('Vilnius');
INSERT INTO destinace (nazev) VALUES ('Tallinn');
INSERT INTO destinace (nazev) VALUES ('Riga');
INSERT INTO destinace (nazev) VALUES ('Kaliningrad');
INSERT INTO destinace (nazev) VALUES ('Kosice');
INSERT INTO destinace (nazev) VALUES ('Budapest');
INSERT INTO destinace (nazev) VALUES ('Naples');
INSERT INTO destinace (nazev) VALUES ('Rome');
INSERT INTO destinace (nazev) VALUES ('Split');
INSERT INTO destinace (nazev) VALUES ('Milan');
INSERT INTO destinace (nazev) VALUES ('Lyon');
INSERT INTO destinace (nazev) VALUES ('Hanover');
INSERT INTO destinace (nazev) VALUES ('Frankfurt');
INSERT INTO destinace (nazev) VALUES ('Oslo');
INSERT INTO destinace (nazev) VALUES ('Dubrovnik');
INSERT INTO destinace (nazev) VALUES ('Belgrade');
INSERT INTO destinace (nazev) VALUES ('Istanbul');
INSERT INTO destinace (nazev) VALUES ('Yerevan');
INSERT INTO destinace (nazev) VALUES ('Odessa');
INSERT INTO destinace (nazev) VALUES ('Gothenburg');
INSERT INTO destinace (nazev) VALUES ('Berlin');
INSERT INTO destinace (nazev) VALUES ('Munich');
INSERT INTO destinace (nazev) VALUES ('Brussels');
INSERT INTO destinace (nazev) VALUES ('St Petersburg');
INSERT INTO destinace (nazev) VALUES ('Tel Aviv');
INSERT INTO destinace (nazev) VALUES ('Damaskus');
INSERT INTO destinace (nazev) VALUES ('Larnaca');
INSERT INTO destinace (nazev) VALUES ('Beirut');
INSERT INTO destinace (nazev) VALUES ('Ekaterinburg');
INSERT INTO destinace (nazev) VALUES ('Tyumen');
INSERT INTO destinace (nazev) VALUES ('Almaty');
INSERT INTO destinace (nazev) VALUES ('Tashkent');
INSERT INTO destinace (nazev) VALUES ('Seoul');
INSERT INTO destinace (nazev) VALUES ('Los Angeles');
INSERT INTO destinace (nazev) VALUES ('Toronto');
INSERT INTO destinace (nazev) VALUES ('Atlanta');
INSERT INTO destinace (nazev) VALUES ('Fort Lauderdale');
INSERT INTO destinace (nazev) VALUES ('Washington');
INSERT INTO destinace (nazev) VALUES ('Nha Trang');
INSERT INTO destinace (nazev) VALUES ('Thái Nguyen');
INSERT INTO destinace (nazev) VALUES ('Sofia');
INSERT INTO destinace (nazev) VALUES ('Peking');
INSERT INTO destinace (nazev) VALUES ('Osaka');
INSERT INTO destinace (nazev) VALUES ('Tokio');
INSERT INTO destinace (nazev) VALUES ('Dakar');
INSERT INTO destinace (nazev) VALUES ('Lhasa');
INSERT INTO destinace (nazev) VALUES ('Hanoj');
INSERT INTO destinace (nazev) VALUES ('Lusaka');
INSERT INTO destinace (nazev) VALUES ('Harare');
INSERT INTO destinace (nazev) VALUES ('Caracas');
INSERT INTO destinace (nazev) VALUES ('Vatikán');
INSERT INTO destinace (nazev) VALUES ('Kingstown');
INSERT INTO destinace (nazev) VALUES ('Tunis');
INSERT INTO destinace (nazev) VALUES ('Apia');
INSERT INTO destinace (nazev) VALUES ('Kigali');
INSERT INTO destinace (nazev) VALUES ('Wien');
INSERT INTO destinace (nazev) VALUES ('Sarajevo');
INSERT INTO destinace (nazev) VALUES ('Santiago');
INSERT INTO destinace (nazev) VALUES ('Havana');
INSERT INTO destinace (nazev) VALUES ('Kuvajt');
INSERT INTO destinace (nazev) VALUES ('Bogotá');
INSERT INTO destinace (nazev) VALUES ('Ciudad de México');
INSERT INTO destinace (nazev) VALUES ('Dublin');
INSERT INTO destinace (nazev) VALUES ('Stavenger');

INSERT INTO zamestnani (nazev_pozice, popis_prace) VALUES ('Letecký mechanik', 'Opravy letadel');
INSERT INTO zamestnani (nazev_pozice, popis_prace) VALUES ('Pilot', 'Pilotování letů');
INSERT INTO zamestnani (nazev_pozice, popis_prace) VALUES ('Letuška/steward', 'Uvítání cestujících, obsluha cestujících, kontrola letenek');
INSERT INTO zamestnani (nazev_pozice, popis_prace) VALUES ('Provozní chemik', 'Kontrola technického stavu letadel, podpora pro oddělení výzkumu a vývoje');
INSERT INTO zamestnani (nazev_pozice, popis_prace) VALUES ('Dispečer letového provozu', 'Kontrola a řízení letového provozu');
INSERT INTO zamestnani (nazev_pozice, popis_prace) VALUES ('Hlavní dispečer letového provozu', 'Kontrola a řízení letového provozu, dohled nad ostatními dispečery');
INSERT INTO zamestnani (nazev_pozice, popis_prace) VALUES ('Ředitel aerolinek', 'Ředitel společnosti');
INSERT INTO zamestnani (nazev_pozice, popis_prace) VALUES ('Uklízečka', 'Zametání, mytí, drhnutí, špionáž u konkurence');
INSERT INTO zamestnani (nazev_pozice, popis_prace) VALUES ('Instruktor pilotáže letadel', 'Instruktor školící piloty');

INSERT INTO zamestnanec (zamestnani_id, nadrizeny, jmeno, prijmeni, plat, datum_nastupu, datum_ukonceni, aktivni) VALUES ((SELECT zamestnani_id FROM zamestnani WHERE nazev_pozice = 'Ředitel aerolinek'), NULL, 'Michael', 'Boss', 230000, TO_DATE('20.01.2000', 'dd.MM.YYYY'), NULL, 'y');
INSERT INTO zamestnanec (zamestnani_id, nadrizeny, jmeno, prijmeni, plat, datum_nastupu, datum_ukonceni, aktivni) VALUES ((SELECT zamestnani_id FROM zamestnani WHERE nazev_pozice = 'Hlavní dispečer letového provozu'), (SELECT zamestnanec_id FROM zamestnanec WHERE jmeno = 'Michael' AND prijmeni = 'Boss'), 'Milan', 'Flemming', 80000, TO_DATE('03.12.2002', 'dd.MM.YYYY'), NULL, 'y');
INSERT INTO zamestnanec (zamestnani_id, nadrizeny, jmeno, prijmeni, plat, datum_nastupu, datum_ukonceni, aktivni) VALUES ((SELECT zamestnani_id FROM zamestnani WHERE nazev_pozice = 'Hlavní dispečer letového provozu'), (SELECT zamestnanec_id FROM zamestnanec WHERE jmeno = 'Michael' AND prijmeni = 'Boss'), 'Helena', 'Rosická', 75000, TO_DATE('31.08.2004', 'dd.MM.YYYY'), NULL, 'y');
INSERT INTO zamestnanec (zamestnani_id, nadrizeny, jmeno, prijmeni, plat, datum_nastupu, datum_ukonceni, aktivni) VALUES ((SELECT zamestnani_id FROM zamestnani WHERE nazev_pozice = 'Hlavní dispečer letového provozu'), (SELECT zamestnanec_id FROM zamestnanec WHERE jmeno = 'Michael' AND prijmeni = 'Boss'), 'Jan', 'Ostrovid', 82000, TO_DATE('30.03.2003', 'dd.MM.YYYY'), NULL, 'y');
INSERT INTO zamestnanec (zamestnani_id, nadrizeny, jmeno, prijmeni, plat, datum_nastupu, datum_ukonceni, aktivni) VALUES ((SELECT zamestnani_id FROM zamestnani WHERE nazev_pozice = 'Hlavní dispečer letového provozu'), (SELECT zamestnanec_id FROM zamestnanec WHERE jmeno = 'Michael' AND prijmeni = 'Boss'), 'Václav', 'Falta', 78000, TO_DATE('30.04.2001', 'dd.MM.YYYY'), TO_DATE('30.06.2001', 'dd.MM.YYYY'), 'n');
INSERT INTO zamestnanec (zamestnani_id, nadrizeny, jmeno, prijmeni, plat, datum_nastupu, datum_ukonceni, aktivni) VALUES ((SELECT zamestnani_id FROM zamestnani WHERE nazev_pozice = 'Hlavní dispečer letového provozu'), (SELECT zamestnanec_id FROM zamestnanec WHERE jmeno = 'Michael' AND prijmeni = 'Boss'), 'Roman', 'Herzog', 76000, TO_DATE('12.09.2007', 'dd.MM.YYYY'), NULL, 'y');
INSERT INTO zamestnanec (zamestnani_id, nadrizeny, jmeno, prijmeni, plat, datum_nastupu, datum_ukonceni, aktivni) VALUES ((SELECT zamestnani_id FROM zamestnani WHERE nazev_pozice = 'Dispečer letového provozu'), (SELECT zamestnanec_id FROM zamestnanec WHERE jmeno = 'Milan' AND prijmeni = 'Flemming'), 'Radek', 'Vosička', 63000, TO_DATE('11.01.2008', 'dd.MM.YYYY'), NULL, 'y');
INSERT INTO zamestnanec (zamestnani_id, nadrizeny, jmeno, prijmeni, plat, datum_nastupu, datum_ukonceni, aktivni) VALUES ((SELECT zamestnani_id FROM zamestnani WHERE nazev_pozice = 'Dispečer letového provozu'), (SELECT zamestnanec_id FROM zamestnanec WHERE jmeno = 'Milan' AND prijmeni = 'Flemming'), 'Kryštof', 'Mazanec', 62000, TO_DATE('14.03.2005', 'dd.MM.YYYY'), NULL, 'y');
INSERT INTO zamestnanec (zamestnani_id, nadrizeny, jmeno, prijmeni, plat, datum_nastupu, datum_ukonceni, aktivni) VALUES ((SELECT zamestnani_id FROM zamestnani WHERE nazev_pozice = 'Dispečer letového provozu'), (SELECT zamestnanec_id FROM zamestnanec WHERE jmeno = 'Helena' AND prijmeni = 'Rosická'), 'Henry', 'Smith', 58000, TO_DATE('10.10.2007', 'dd.MM.YYYY'), NULL, 'y');
INSERT INTO zamestnanec (zamestnani_id, nadrizeny, jmeno, prijmeni, plat, datum_nastupu, datum_ukonceni, aktivni) VALUES ((SELECT zamestnani_id FROM zamestnani WHERE nazev_pozice = 'Dispečer letového provozu'), (SELECT zamestnanec_id FROM zamestnanec WHERE jmeno = 'Helena' AND prijmeni = 'Rosická'), 'Marek', 'Hejma', 49000, TO_DATE('03.05.2004', 'dd.MM.YYYY'), NULL, 'y');
INSERT INTO zamestnanec (zamestnani_id, nadrizeny, jmeno, prijmeni, plat, datum_nastupu, datum_ukonceni, aktivni) VALUES ((SELECT zamestnani_id FROM zamestnani WHERE nazev_pozice = 'Dispečer letového provozu'), (SELECT zamestnanec_id FROM zamestnanec WHERE jmeno = 'Helena' AND prijmeni = 'Rosická'), 'Ondřej', 'Kotrba', 55000, TO_DATE('02.02.2003', 'dd.MM.YYYY'), NULL, 'y');
INSERT INTO zamestnanec (zamestnani_id, nadrizeny, jmeno, prijmeni, plat, datum_nastupu, datum_ukonceni, aktivni) VALUES ((SELECT zamestnani_id FROM zamestnani WHERE nazev_pozice = 'Dispečer letového provozu'), (SELECT zamestnanec_id FROM zamestnanec WHERE jmeno = 'Helena' AND prijmeni = 'Rosická'), 'Jana', 'Drzá', 52000, TO_DATE('02.02.2003', 'dd.MM.YYYY'), TO_DATE('01.01.2005', 'dd.MM.YYYY'), 'n');
INSERT INTO zamestnanec (zamestnani_id, nadrizeny, jmeno, prijmeni, plat, datum_nastupu, datum_ukonceni, aktivni) VALUES ((SELECT zamestnani_id FROM zamestnani WHERE nazev_pozice = 'Dispečer letového provozu'), (SELECT zamestnanec_id FROM zamestnanec WHERE jmeno = 'Helena' AND prijmeni = 'Rosická'), 'Richard', 'Cholera', 56000, TO_DATE('02.02.2002', 'dd.MM.YYYY'), NULL, 'n');
INSERT INTO zamestnanec (zamestnani_id, nadrizeny, jmeno, prijmeni, plat, datum_nastupu, datum_ukonceni, aktivni) VALUES ((SELECT zamestnani_id FROM zamestnani WHERE nazev_pozice = 'Dispečer letového provozu'), (SELECT zamestnanec_id FROM zamestnanec WHERE jmeno = 'Roman' AND prijmeni = 'Herzog'), 'Eliška', 'Mánesová', 50000, TO_DATE('01.05.2001', 'dd.MM.YYYY'), NULL, 'y');
INSERT INTO zamestnanec (zamestnani_id, nadrizeny, jmeno, prijmeni, plat, datum_nastupu, datum_ukonceni, aktivni) VALUES ((SELECT zamestnani_id FROM zamestnani WHERE nazev_pozice = 'Dispečer letového provozu'), (SELECT zamestnanec_id FROM zamestnanec WHERE jmeno = 'Roman' AND prijmeni = 'Herzog'), 'Karel', 'Krásenský', 53000, TO_DATE('03.03.2003', 'dd.MM.YYYY'), NULL, 'y');
INSERT INTO zamestnanec (zamestnani_id, nadrizeny, jmeno, prijmeni, plat, datum_nastupu, datum_ukonceni, aktivni) VALUES ((SELECT zamestnani_id FROM zamestnani WHERE nazev_pozice = 'Dispečer letového provozu'), (SELECT zamestnanec_id FROM zamestnanec WHERE jmeno = 'Roman' AND prijmeni = 'Herzog'), 'Veronika', 'Malíková', 48000, TO_DATE('23.04.2003', 'dd.MM.YYYY'), TO_DATE('01.04.2006', 'dd.MM.YYYY'), 'n');
INSERT INTO zamestnanec (zamestnani_id, nadrizeny, jmeno, prijmeni, plat, datum_nastupu, datum_ukonceni, aktivni) VALUES ((SELECT zamestnani_id FROM zamestnani WHERE nazev_pozice = 'Dispečer letového provozu'), (SELECT zamestnanec_id FROM zamestnanec WHERE jmeno = 'Roman' AND prijmeni = 'Herzog'), 'Monika', 'Veselá', 51000, TO_DATE('24.01.2009', 'dd.MM.YYYY'), NULL, 'y');
INSERT INTO zamestnanec (zamestnani_id, nadrizeny, jmeno, prijmeni, plat, datum_nastupu, datum_ukonceni, aktivni) VALUES ((SELECT zamestnani_id FROM zamestnani WHERE nazev_pozice = 'Dispečer letového provozu'), (SELECT zamestnanec_id FROM zamestnanec WHERE jmeno = 'Jan' AND prijmeni = 'Ostrovid'), 'Jiří', 'Konečný', 45000, TO_DATE('24.07.2007', 'dd.MM.YYYY'), NULL, 'y');
INSERT INTO zamestnanec (zamestnani_id, nadrizeny, jmeno, prijmeni, plat, datum_nastupu, datum_ukonceni, aktivni) VALUES ((SELECT zamestnani_id FROM zamestnani WHERE nazev_pozice = 'Dispečer letového provozu'), (SELECT zamestnanec_id FROM zamestnanec WHERE jmeno = 'Jan' AND prijmeni = 'Ostrovid'), 'Bohuslav', 'Metelka', 49000, TO_DATE('14.05.2005', 'dd.MM.YYYY'), NULL, 'y');
INSERT INTO zamestnanec (zamestnani_id, nadrizeny, jmeno, prijmeni, plat, datum_nastupu, datum_ukonceni, aktivni) VALUES ((SELECT zamestnani_id FROM zamestnani WHERE nazev_pozice = 'Dispečer letového provozu'), (SELECT zamestnanec_id FROM zamestnanec WHERE jmeno = 'Jan' AND prijmeni = 'Ostrovid'), 'Miroslav', 'Hališ', 54000, TO_DATE('10.06.2002', 'dd.MM.YYYY'), NULL, 'y');
INSERT INTO zamestnanec (zamestnani_id, nadrizeny, jmeno, prijmeni, plat, datum_nastupu, datum_ukonceni, aktivni) VALUES ((SELECT zamestnani_id FROM zamestnani WHERE nazev_pozice = 'Dispečer letového provozu'), (SELECT zamestnanec_id FROM zamestnanec WHERE jmeno = 'Roman' AND prijmeni = 'Herzog'), 'Zdeněk', 'Omáčka', 58000, TO_DATE('11.04.2000', 'dd.MM.YYYY'), NULL, 'y');
INSERT INTO zamestnanec (zamestnani_id, nadrizeny, jmeno, prijmeni, plat, datum_nastupu, datum_ukonceni, aktivni) VALUES ((SELECT zamestnani_id FROM zamestnani WHERE nazev_pozice = 'Instruktor pilotáže letadel'), (SELECT zamestnanec_id FROM zamestnanec WHERE jmeno = 'Michael' AND prijmeni = 'Boss'), 'David', 'Weigel', 92000, TO_DATE('11.03.2000', 'dd.MM.YYYY'), NULL, 'y');
INSERT INTO zamestnanec (zamestnani_id, nadrizeny, jmeno, prijmeni, plat, datum_nastupu, datum_ukonceni, aktivni) VALUES ((SELECT zamestnani_id FROM zamestnani WHERE nazev_pozice = 'Uklízečka'), (SELECT zamestnanec_id FROM zamestnanec WHERE jmeno = 'Michael' AND prijmeni = 'Boss'), 'Kristýna', 'Tichá', 19000, TO_DATE('02.04.2000', 'dd.MM.YYYY'), NULL, 'y');
INSERT INTO zamestnanec (zamestnani_id, nadrizeny, jmeno, prijmeni, plat, datum_nastupu, datum_ukonceni, aktivni) VALUES ((SELECT zamestnani_id FROM zamestnani WHERE nazev_pozice = 'Letecký mechanik'), (SELECT zamestnanec_id FROM zamestnanec WHERE jmeno = 'Michael' AND prijmeni = 'Boss'), 'René', 'Vyplašil', 43000, TO_DATE('01.03.2001', 'dd.MM.YYYY'), NULL, 'y');
INSERT INTO zamestnanec (zamestnani_id, nadrizeny, jmeno, prijmeni, plat, datum_nastupu, datum_ukonceni, aktivni) VALUES ((SELECT zamestnani_id FROM zamestnani WHERE nazev_pozice = 'Pilot'), (SELECT zamestnanec_id FROM zamestnanec WHERE jmeno = 'David' AND prijmeni = 'Weigel'), 'Josef', 'Šídlo', 120000, TO_DATE('02.06.2003', 'dd.MM.YYYY'), NULL, 'y');
INSERT INTO zamestnanec (zamestnani_id, nadrizeny, jmeno, prijmeni, plat, datum_nastupu, datum_ukonceni, aktivni) VALUES ((SELECT zamestnani_id FROM zamestnani WHERE nazev_pozice = 'Pilot'), (SELECT zamestnanec_id FROM zamestnanec WHERE jmeno = 'David' AND prijmeni = 'Weigel'), 'Zdeněk', 'Vesecký', 115000, TO_DATE('05.06.2004', 'dd.MM.YYYY'), NULL, 'y');
INSERT INTO zamestnanec (zamestnani_id, nadrizeny, jmeno, prijmeni, plat, datum_nastupu, datum_ukonceni, aktivni) VALUES ((SELECT zamestnani_id FROM zamestnani WHERE nazev_pozice = 'Pilot'), (SELECT zamestnanec_id FROM zamestnanec WHERE jmeno = 'Michael' AND prijmeni = 'Boss'), 'Alan', 'Messer', 125000, TO_DATE('03.04.2005', 'dd.MM.YYYY'), NULL, 'y');
INSERT INTO zamestnanec (zamestnani_id, nadrizeny, jmeno, prijmeni, plat, datum_nastupu, datum_ukonceni, aktivni) VALUES ((SELECT zamestnani_id FROM zamestnani WHERE nazev_pozice = 'Pilot'), (SELECT zamestnanec_id FROM zamestnanec WHERE jmeno = 'Michael' AND prijmeni = 'Boss'), 'Aleš', 'Arbelovský', 135000, TO_DATE('01.01.2004', 'dd.MM.YYYY'), NULL, 'y');
INSERT INTO zamestnanec (zamestnani_id, nadrizeny, jmeno, prijmeni, plat, datum_nastupu, datum_ukonceni, aktivni) VALUES ((SELECT zamestnani_id FROM zamestnani WHERE nazev_pozice = 'Pilot'), (SELECT zamestnanec_id FROM zamestnanec WHERE jmeno = 'Michael' AND prijmeni = 'Boss'), 'Zuzana', 'Komárková', 122000, TO_DATE('02.03.2003', 'dd.MM.YYYY'), NULL, 'y');
INSERT INTO zamestnanec (zamestnani_id, nadrizeny, jmeno, prijmeni, plat, datum_nastupu, datum_ukonceni, aktivni) VALUES ((SELECT zamestnani_id FROM zamestnani WHERE nazev_pozice = 'Pilot'), (SELECT zamestnanec_id FROM zamestnanec WHERE jmeno = 'Michael' AND prijmeni = 'Boss'), 'Miloš', 'Zavoral', 120000, TO_DATE('23.04.2003', 'dd.MM.YYYY'), TO_DATE('20.11.2004', 'dd.MM.YYYY'), 'n');
INSERT INTO zamestnanec (zamestnani_id, nadrizeny, jmeno, prijmeni, plat, datum_nastupu, datum_ukonceni, aktivni) VALUES ((SELECT zamestnani_id FROM zamestnani WHERE nazev_pozice = 'Pilot'), (SELECT zamestnanec_id FROM zamestnanec WHERE jmeno = 'Michael' AND prijmeni = 'Boss'), 'Evžen', 'Renoir', 112000, TO_DATE('20.04.2009', 'dd.MM.YYYY'), NULL, 'n');
INSERT INTO zamestnanec (zamestnani_id, nadrizeny, jmeno, prijmeni, plat, datum_nastupu, datum_ukonceni, aktivni) VALUES ((SELECT zamestnani_id FROM zamestnani WHERE nazev_pozice = 'Pilot'), (SELECT zamestnanec_id FROM zamestnanec WHERE jmeno = 'Michael' AND prijmeni = 'Boss'), 'Ester', 'Musilová', 111600, TO_DATE('25.03.2009', 'dd.MM.YYYY'), NULL, 'n');
INSERT INTO zamestnanec (zamestnani_id, nadrizeny, jmeno, prijmeni, plat, datum_nastupu, datum_ukonceni, aktivni) VALUES ((SELECT zamestnani_id FROM zamestnani WHERE nazev_pozice = 'Pilot'), (SELECT zamestnanec_id FROM zamestnanec WHERE jmeno = 'Michael' AND prijmeni = 'Boss'), 'Filip', 'Gregor', 119400, TO_DATE('18.02.2009', 'dd.MM.YYYY'), NULL, 'n');
INSERT INTO zamestnanec (zamestnani_id, nadrizeny, jmeno, prijmeni, plat, datum_nastupu, datum_ukonceni, aktivni) VALUES ((SELECT zamestnani_id FROM zamestnani WHERE nazev_pozice = 'Pilot'), (SELECT zamestnanec_id FROM zamestnanec WHERE jmeno = 'Michael' AND prijmeni = 'Boss'), 'Karel', 'Hrubý', 129300, TO_DATE('17.04.2009', 'dd.MM.YYYY'), NULL, 'y');

INSERT INTO pilot (zamestnanec_id, hodnost) VALUES ((SELECT zamestnanec_id FROM zamestnanec WHERE jmeno = 'David' AND prijmeni='Weigel'), 'Instructor');
INSERT INTO pilot (zamestnanec_id, hodnost) VALUES ((SELECT zamestnanec_id FROM zamestnanec WHERE jmeno = 'Josef' AND prijmeni='Šídlo'), 'Senior Captain');
INSERT INTO pilot (zamestnanec_id, hodnost) VALUES ((SELECT zamestnanec_id FROM zamestnanec WHERE jmeno = 'Zdeněk' AND prijmeni='Vesecký'), 'Captain');
INSERT INTO pilot (zamestnanec_id, hodnost) VALUES ((SELECT zamestnanec_id FROM zamestnanec WHERE jmeno = 'Alan' AND prijmeni='Messer'), 'Captain');
INSERT INTO pilot (zamestnanec_id, hodnost) VALUES ((SELECT zamestnanec_id FROM zamestnanec WHERE jmeno = 'Aleš' AND prijmeni='Arbelovský'), 'Senior First Officer');
INSERT INTO pilot (zamestnanec_id, hodnost) VALUES ((SELECT zamestnanec_id FROM zamestnanec WHERE jmeno = 'Zuzana' AND prijmeni='Komárková'), 'First Officer');
INSERT INTO pilot (zamestnanec_id, hodnost) VALUES ((SELECT zamestnanec_id FROM zamestnanec WHERE jmeno = 'Miloš' AND prijmeni='Zavoral'), 'First Officer');
INSERT INTO pilot (zamestnanec_id, hodnost) VALUES ((SELECT zamestnanec_id FROM zamestnanec WHERE jmeno = 'Evžen' AND prijmeni='Renoir'), 'Trainee');
INSERT INTO pilot (zamestnanec_id, hodnost) VALUES ((SELECT zamestnanec_id FROM zamestnanec WHERE jmeno = 'Ester' AND prijmeni='Musilová'), 'Trainee');
INSERT INTO pilot (zamestnanec_id, hodnost) VALUES ((SELECT zamestnanec_id FROM zamestnanec WHERE jmeno = 'Filip' AND prijmeni='Gregor'), 'Trainee');
INSERT INTO pilot (zamestnanec_id, hodnost) VALUES ((SELECT zamestnanec_id FROM zamestnanec WHERE jmeno = 'Karel' AND prijmeni='Hrubý'), 'Trainee');

INSERT INTO letadlo (typ_letadla_id, datum_porizeni, porizovaci_cena) VALUES ('A310', TO_DATE('17.04.2004', 'dd.MM.YYYY'), 697000000);
INSERT INTO letadlo (typ_letadla_id, datum_porizeni, porizovaci_cena) VALUES ('A310', TO_DATE('13.04.2000', 'dd.MM.YYYY'), 697000000);
INSERT INTO letadlo (typ_letadla_id, datum_porizeni, porizovaci_cena) VALUES ('A310', TO_DATE('13.04.2000', 'dd.MM.YYYY'), 697000000);
INSERT INTO letadlo (typ_letadla_id, datum_porizeni, porizovaci_cena) VALUES ('A310', TO_DATE('13.04.2000', 'dd.MM.YYYY'), 697000000);
INSERT INTO letadlo (typ_letadla_id, datum_porizeni, porizovaci_cena) VALUES ('A319', TO_DATE('02.02.2000', 'dd.MM.YYYY'), 876000000);
INSERT INTO letadlo (typ_letadla_id, datum_porizeni, porizovaci_cena) VALUES ('A319', TO_DATE('01.02.2000', 'dd.MM.YYYY'), 860000000);
INSERT INTO letadlo (typ_letadla_id, datum_porizeni, porizovaci_cena) VALUES ('A319', TO_DATE('01.02.2000', 'dd.MM.YYYY'), 860000000);
INSERT INTO letadlo (typ_letadla_id, datum_porizeni, porizovaci_cena) VALUES ('A319', TO_DATE('01.02.2000', 'dd.MM.YYYY'), 860000000);
INSERT INTO letadlo (typ_letadla_id, datum_porizeni, porizovaci_cena) VALUES ('A320', TO_DATE('01.03.2001', 'dd.MM.YYYY'), 892000000);
INSERT INTO letadlo (typ_letadla_id, datum_porizeni, porizovaci_cena) VALUES ('A320', TO_DATE('01.03.2001', 'dd.MM.YYYY'), 892000000);
INSERT INTO letadlo (typ_letadla_id, datum_porizeni, porizovaci_cena) VALUES ('A320', TO_DATE('23.12.2002', 'dd.MM.YYYY'), 887000000);
INSERT INTO letadlo (typ_letadla_id, datum_porizeni, porizovaci_cena) VALUES ('A321', TO_DATE('23.12.2001', 'dd.MM.YYYY'), 887000000);
INSERT INTO letadlo (typ_letadla_id, datum_porizeni, porizovaci_cena) VALUES ('A321', TO_DATE('23.12.2001', 'dd.MM.YYYY'), 887000000);
INSERT INTO letadlo (typ_letadla_id, datum_porizeni, porizovaci_cena) VALUES ('A321', TO_DATE('14.10.2001', 'dd.MM.YYYY'), 723000000);
INSERT INTO letadlo (typ_letadla_id, datum_porizeni, porizovaci_cena) VALUES ('A321', TO_DATE('14.10.2001', 'dd.MM.YYYY'), 723000000);
INSERT INTO letadlo (typ_letadla_id, datum_porizeni, porizovaci_cena) VALUES ('B737-400', TO_DATE('24.12.2000', 'dd.MM.YYYY'), 1234000000);
INSERT INTO letadlo (typ_letadla_id, datum_porizeni, porizovaci_cena) VALUES ('B737-400', TO_DATE('24.12.2000', 'dd.MM.YYYY'), 1234000000);
INSERT INTO letadlo (typ_letadla_id, datum_porizeni, porizovaci_cena) VALUES ('B737-400', TO_DATE('24.12.2001', 'dd.MM.YYYY'), 1212000000);
INSERT INTO letadlo (typ_letadla_id, datum_porizeni, porizovaci_cena) VALUES ('B737-500', TO_DATE('24.10.2000', 'dd.MM.YYYY'), 1312000000);
INSERT INTO letadlo (typ_letadla_id, datum_porizeni, porizovaci_cena) VALUES ('ATR42-320', TO_DATE('22.03.2000', 'dd.MM.YYYY'), 976000000);
INSERT INTO letadlo (typ_letadla_id, datum_porizeni, porizovaci_cena) VALUES ('An-22', TO_DATE('30.07.2001', 'dd.MM.YYYY'), 768000000);
INSERT INTO letadlo (typ_letadla_id, datum_porizeni, porizovaci_cena) VALUES ('An-22', TO_DATE('29.07.2001', 'dd.MM.YYYY'), 768000000);
INSERT INTO letadlo (typ_letadla_id, datum_porizeni, porizovaci_cena) VALUES ('C172', TO_DATE('29.01.2000', 'dd.MM.YYYY'), 123000000);
INSERT INTO letadlo (typ_letadla_id, datum_porizeni, porizovaci_cena) VALUES ('C172', TO_DATE('29.01.2000', 'dd.MM.YYYY'), 123000000);
INSERT INTO letadlo (typ_letadla_id, datum_porizeni, porizovaci_cena) VALUES ('Concorde', TO_DATE('20.09.2001', 'dd.MM.YYYY'), 1300000000);
INSERT INTO letadlo (typ_letadla_id, datum_porizeni, porizovaci_cena) VALUES ('IL-76', TO_DATE('23.03.2003', 'dd.MM.YYYY'), 1112000000);
INSERT INTO letadlo (typ_letadla_id, datum_porizeni, porizovaci_cena) VALUES ('Tu-154', TO_DATE('19.09.2004', 'dd.MM.YYYY'), 1034000000);
INSERT INTO letadlo (typ_letadla_id, datum_porizeni, porizovaci_cena) VALUES ('Tu-154', TO_DATE('19.09.2004', 'dd.MM.YYYY'), 1034000000);
INSERT INTO letadlo (typ_letadla_id, datum_porizeni, porizovaci_cena) VALUES ('SR-71', TO_DATE('10.03.2000', 'dd.MM.YYYY'), 2020000000);
INSERT INTO letadlo (typ_letadla_id, datum_porizeni, porizovaci_cena) VALUES ('F/A-18', TO_DATE('17.03.2001', 'dd.MM.YYYY'), 3034000000);
INSERT INTO letadlo (typ_letadla_id, datum_porizeni, porizovaci_cena) VALUES ('F-22', TO_DATE('04.04.2000', 'dd.MM.YYYY'), 2800000000);
INSERT INTO letadlo (typ_letadla_id, datum_porizeni, porizovaci_cena) VALUES ('EF-2000', TO_DATE('06.08.2001', 'dd.MM.YYYY'), 2120000000);
INSERT INTO letadlo (typ_letadla_id, datum_porizeni, porizovaci_cena) VALUES ('B-52', TO_DATE('17.05.2000', 'dd.MM.YYYY'), 3604000000);
INSERT INTO letadlo (typ_letadla_id, datum_porizeni, porizovaci_cena) VALUES ('M2000C', TO_DATE('25.02.2002', 'dd.MM.YYYY'), 2104000000);
INSERT INTO letadlo (typ_letadla_id, datum_porizeni, porizovaci_cena) VALUES ('Dc-10', TO_DATE('22.02.2001', 'dd.MM.YYYY'), 798000000);
INSERT INTO letadlo (typ_letadla_id, datum_porizeni, porizovaci_cena) VALUES ('Dc-10', TO_DATE('22.02.2001', 'dd.MM.YYYY'), 798000000);
INSERT INTO letadlo (typ_letadla_id, datum_porizeni, porizovaci_cena) VALUES ('L-1011-500', TO_DATE('02.11.2000', 'dd.MM.YYYY'), 876000000);

INSERT INTO pasazer (jmeno, prijmeni) VALUES ('Milan', 'Zavářka');
INSERT INTO pasazer (jmeno, prijmeni) VALUES ('Jakub', 'Hejný');
INSERT INTO pasazer (jmeno, prijmeni) VALUES ('Milada', 'Nárožná');
INSERT INTO pasazer (jmeno, prijmeni) VALUES ('Luboš', 'Kocián');
INSERT INTO pasazer (jmeno, prijmeni) VALUES ('Hynek', 'Bašta');
INSERT INTO pasazer (jmeno, prijmeni) VALUES ('Richard', 'Vejminek');
INSERT INTO pasazer (jmeno, prijmeni) VALUES ('Zlata', 'Stavařová');
INSERT INTO pasazer (jmeno, prijmeni) VALUES ('John', 'Smith');
INSERT INTO pasazer (jmeno, prijmeni) VALUES ('Marry', 'Olbrightová');
INSERT INTO pasazer (jmeno, prijmeni) VALUES ('Vivien', 'Westwoodová');
INSERT INTO pasazer (jmeno, prijmeni) VALUES ('Yoshito', 'Zukurabi');
INSERT INTO pasazer (jmeno, prijmeni) VALUES ('Will', 'Smith');
INSERT INTO pasazer (jmeno, prijmeni) VALUES ('Monika', 'Rychtářová');
INSERT INTO pasazer (jmeno, prijmeni) VALUES ('Fred', 'Flinstone');
INSERT INTO pasazer (jmeno, prijmeni) VALUES ('Marion', 'Forestová');
INSERT INTO pasazer (jmeno, prijmeni) VALUES ('Forest', 'Gump');
INSERT INTO pasazer (jmeno, prijmeni) VALUES ('Václav', 'Klaus');
INSERT INTO pasazer (jmeno, prijmeni) VALUES ('Ondřej', 'Vetchý');
INSERT INTO pasazer (jmeno, prijmeni) VALUES ('Kristián', 'Kulička');
INSERT INTO pasazer (jmeno, prijmeni) VALUES ('Aneta', 'Chefieldová');
INSERT INTO pasazer (jmeno, prijmeni) VALUES ('Uma', 'Thurman');
INSERT INTO pasazer (jmeno, prijmeni) VALUES ('Michael', 'Gotling');
INSERT INTO pasazer (jmeno, prijmeni) VALUES ('Radek', 'Děda');
INSERT INTO pasazer (jmeno, prijmeni) VALUES ('Kirsten', 'Bovariová');
INSERT INTO pasazer (jmeno, prijmeni) VALUES ('George', 'Jungle');
INSERT INTO pasazer (jmeno, prijmeni) VALUES ('Holly', 'Engelsová');
INSERT INTO pasazer (jmeno, prijmeni) VALUES ('Brian', 'Kernigan');
INSERT INTO pasazer (jmeno, prijmeni) VALUES ('Sadam', 'Husain');
INSERT INTO pasazer (jmeno, prijmeni) VALUES ('Ali', 'Musset');
INSERT INTO pasazer (jmeno, prijmeni) VALUES ('Filip', 'Rusnovič');
INSERT INTO pasazer (jmeno, prijmeni) VALUES ('Velen', 'Drozd');
INSERT INTO pasazer (jmeno, prijmeni) VALUES ('Fred', 'Roderick');
INSERT INTO pasazer (jmeno, prijmeni) VALUES ('Sarah', 'Zendová');
INSERT INTO pasazer (jmeno, prijmeni) VALUES ('Emil', 'Zátopek');
INSERT INTO pasazer (jmeno, prijmeni) VALUES ('Daren', 'Riddick');
INSERT INTO pasazer (jmeno, prijmeni) VALUES ('Jožko', 'Ďurovec');
INSERT INTO pasazer (jmeno, prijmeni) VALUES ('Kamil', 'Vejvářka');
INSERT INTO pasazer (jmeno, prijmeni) VALUES ('Gustav', 'Tišenko');
INSERT INTO pasazer (jmeno, prijmeni) VALUES ('Táňa', 'Hrochová');
INSERT INTO pasazer (jmeno, prijmeni) VALUES ('Gotlieb', 'Hesna');
INSERT INTO pasazer (jmeno, prijmeni) VALUES ('Karel', 'Gott');
INSERT INTO pasazer (jmeno, prijmeni) VALUES ('Richard', 'Krajčo');
INSERT INTO pasazer (jmeno, prijmeni) VALUES ('Robert', 'Hajný');
INSERT INTO pasazer (jmeno, prijmeni) VALUES ('Ladislav', 'Ředkvička');
INSERT INTO pasazer (jmeno, prijmeni) VALUES ('Jana', 'Hrušková');
INSERT INTO pasazer (jmeno, prijmeni) VALUES ('Martina', 'Postránecká');
INSERT INTO pasazer (jmeno, prijmeni) VALUES ('Romana', 'Hildebrantová');
INSERT INTO pasazer (jmeno, prijmeni) VALUES ('Milan', 'Rezek');
INSERT INTO pasazer (jmeno, prijmeni) VALUES ('Leoš', 'Kuzmovič');
INSERT INTO pasazer (jmeno, prijmeni) VALUES ('Rupert', 'Baal');
INSERT INTO pasazer (jmeno, prijmeni) VALUES ('Winona', 'Ryder');
INSERT INTO pasazer (jmeno, prijmeni) VALUES ('Ellen', 'Ripley');
INSERT INTO pasazer (jmeno, prijmeni) VALUES ('Tamara', 'Hudecká');
INSERT INTO pasazer (jmeno, prijmeni) VALUES ('Norbert', 'Ditrich');
INSERT INTO pasazer (jmeno, prijmeni) VALUES ('Nastěnka', 'Ivanovna');
INSERT INTO pasazer (jmeno, prijmeni) VALUES ('Arnold', 'Schwarzeneger');
INSERT INTO pasazer (jmeno, prijmeni) VALUES ('David', 'Schwarz');
INSERT INTO pasazer (jmeno, prijmeni) VALUES ('Richard', 'Tesařík');
INSERT INTO pasazer (jmeno, prijmeni) VALUES ('Jan', 'Stejný');
INSERT INTO pasazer (jmeno, prijmeni) VALUES ('Aneta', 'Dreyerová');
INSERT INTO pasazer (jmeno, prijmeni) VALUES ('Josef', 'Zámotek');
INSERT INTO pasazer (jmeno, prijmeni) VALUES ('Milena', 'Zvířetová');
INSERT INTO pasazer (jmeno, prijmeni) VALUES ('René', 'Živočichář');
INSERT INTO pasazer (jmeno, prijmeni) VALUES ('Tomáš', 'Staněk');
INSERT INTO pasazer (jmeno, prijmeni) VALUES ('Ladislav', 'Votočka');
INSERT INTO pasazer (jmeno, prijmeni) VALUES ('Otto', 'Munzar');
INSERT INTO pasazer (jmeno, prijmeni) VALUES ('Ladislava', 'Munzarová');
INSERT INTO pasazer (jmeno, prijmeni) VALUES ('Filip', 'Ulrich');
INSERT INTO pasazer (jmeno, prijmeni) VALUES ('Naděžda', 'Ulrichová');
INSERT INTO pasazer (jmeno, prijmeni) VALUES ('Kamil', 'Sytý');
INSERT INTO pasazer (jmeno, prijmeni) VALUES ('Lenka', 'Sytá');
INSERT INTO pasazer (jmeno, prijmeni) VALUES ('Michael', 'Ris');
INSERT INTO pasazer (jmeno, prijmeni) VALUES ('David', 'Rusnack');
INSERT INTO pasazer (jmeno, prijmeni) VALUES ('Jan', 'Kopanina');
INSERT INTO pasazer (jmeno, prijmeni) VALUES ('Eliška', 'Kopaninová');
INSERT INTO pasazer (jmeno, prijmeni) VALUES ('Radka', 'Malá');
INSERT INTO pasazer (jmeno, prijmeni) VALUES ('Ondřej', 'Konipas');
INSERT INTO pasazer (jmeno, prijmeni) VALUES ('Ladislav', 'Vlk');
INSERT INTO pasazer (jmeno, prijmeni) VALUES ('Roman', 'Šakal');
INSERT INTO pasazer (jmeno, prijmeni) VALUES ('Bořek', 'Stavitel');
INSERT INTO pasazer (jmeno, prijmeni) VALUES ('Karkulka', 'Červená');
INSERT INTO pasazer (jmeno, prijmeni) VALUES ('Liběna', 'Rozumná');
INSERT INTO pasazer (jmeno, prijmeni) VALUES ('Ola', 'Guttenbergová');
INSERT INTO pasazer (jmeno, prijmeni) VALUES ('Will', 'Downhill');
INSERT INTO pasazer (jmeno, prijmeni) VALUES ('Homer', 'Simpson');
INSERT INTO pasazer (jmeno, prijmeni) VALUES ('Dana', 'Cudná');
INSERT INTO pasazer (jmeno, prijmeni) VALUES ('Dobromila', 'Fukalíková');
INSERT INTO pasazer (jmeno, prijmeni) VALUES ('Zdeněk', 'Hraboš');
INSERT INTO pasazer (jmeno, prijmeni) VALUES ('Timoty', 'Pilsner');
INSERT INTO pasazer (jmeno, prijmeni) VALUES ('Xi', 'Xao');
INSERT INTO pasazer (jmeno, prijmeni) VALUES ('Napoleón', 'Bonnaparte');
INSERT INTO pasazer (jmeno, prijmeni) VALUES ('Matt', 'Damon');
INSERT INTO pasazer (jmeno, prijmeni) VALUES ('Jude', 'Law');
INSERT INTO pasazer (jmeno, prijmeni) VALUES ('Anthony', 'Hopkins');
INSERT INTO pasazer (jmeno, prijmeni) VALUES ('Robert', 'Redford');
INSERT INTO pasazer (jmeno, prijmeni) VALUES ('Jura', 'Zmožek');
INSERT INTO pasazer (jmeno, prijmeni) VALUES ('Jeremy', 'Irons');
INSERT INTO pasazer (jmeno, prijmeni) VALUES ('Marry', 'Fuchsová');
INSERT INTO pasazer (jmeno, prijmeni) VALUES ('Hynek', 'Herby');
INSERT INTO pasazer (jmeno, prijmeni) VALUES ('Veronika', 'Viknářová');
INSERT INTO pasazer (jmeno, prijmeni) VALUES ('Tomáš', 'Kotrba');
INSERT INTO pasazer (jmeno, prijmeni) VALUES ('Roman', 'Záruba');
INSERT INTO pasazer (jmeno, prijmeni, problematicky) VALUES ('Daniel', 'Výbojný', 'y');
INSERT INTO pasazer (jmeno, prijmeni, problematicky) VALUES ('Gabriel', 'Seneca', 'y');
INSERT INTO pasazer (jmeno, prijmeni, problematicky) VALUES ('Norbert', 'Raff', 'y');

INSERT INTO letova_linka (nazev) VALUES ('New York - Prague - Moscow');
INSERT INTO letova_linka (nazev) VALUES ('Prague - Cairo');
INSERT INTO letova_linka (nazev) VALUES ('Lisbon - Prague - St Petersburg');
INSERT INTO letova_linka (nazev) VALUES ('Manchester - Stockholm - Ekaterinburg');
INSERT INTO letova_linka (nazev) VALUES ('Dubai - Prague - Malaga');
INSERT INTO letova_linka (nazev) VALUES ('London - Prague - Heraklion');
INSERT INTO letova_linka (nazev) VALUES ('Prague - Kiev');
INSERT INTO letova_linka (nazev) VALUES ('Madrid - Milan - Vilnius');
INSERT INTO letova_linka (nazev) VALUES ('Toronto - London - Prague - Moscow');
INSERT INTO letova_linka (nazev) VALUES ('Atlanta - Dublin - Prague - Moscow');
INSERT INTO letova_linka (nazev) VALUES ('Malta - Prague - Trondheim');
INSERT INTO letova_linka (nazev) VALUES ('Stavenger - Warsaw - Tbilisi');
INSERT INTO letova_linka (nazev) VALUES ('Oslo - Berlin - Prague');
INSERT INTO letova_linka (nazev) VALUES ('Barcelona - Prague - Kosice');
INSERT INTO letova_linka (nazev) VALUES ('Madrid - Paris - Prague - Istanbul');
INSERT INTO letova_linka (nazev) VALUES ('Prague - Paris - Prague');
INSERT INTO letova_linka (nazev) VALUES ('Prague - London - Prague');

INSERT INTO zastavka (cislo_letove_linky, poradi_zastavky, km_od_minule_zastavky, pravidelny_cas_odletu, destinace_id) VALUES ((SELECT cislo_letove_linky FROM letova_linka WHERE nazev = 'New York - Prague - Moscow'), 0, 0, TO_DATE('06:00', 'HH24:MI'), (SELECT destinace_id FROM destinace WHERE nazev = 'New York'));
INSERT INTO zastavka (cislo_letove_linky, poradi_zastavky, km_od_minule_zastavky, pravidelny_cas_odletu, destinace_id) VALUES ((SELECT cislo_letove_linky FROM letova_linka WHERE nazev = 'New York - Prague - Moscow'), 1, 6628, TO_DATE('11:00', 'HH24:MI'), (SELECT destinace_id FROM destinace WHERE nazev = 'Prague'));
INSERT INTO zastavka (cislo_letove_linky, poradi_zastavky, km_od_minule_zastavky, pravidelny_cas_odletu, destinace_id) VALUES ((SELECT cislo_letove_linky FROM letova_linka WHERE nazev = 'New York - Prague - Moscow'), 2, 1611, TO_DATE('16:00', 'HH24:MI'), (SELECT destinace_id FROM destinace WHERE nazev = 'Moscow'));

INSERT INTO zastavka (cislo_letove_linky, poradi_zastavky, km_od_minule_zastavky, pravidelny_cas_odletu, destinace_id) VALUES ((SELECT cislo_letove_linky FROM letova_linka WHERE nazev = 'Prague - Cairo'), 0, 0, TO_DATE('12:00', 'HH24:MI'), (SELECT destinace_id FROM destinace WHERE nazev = 'Prague'));
INSERT INTO zastavka (cislo_letove_linky, poradi_zastavky, km_od_minule_zastavky, pravidelny_cas_odletu, destinace_id) VALUES ((SELECT cislo_letove_linky FROM letova_linka WHERE nazev = 'Prague - Cairo'), 1, 1200, TO_DATE('16:00', 'HH24:MI'), (SELECT destinace_id FROM destinace WHERE nazev = 'Cairo'));

INSERT INTO zastavka (cislo_letove_linky, poradi_zastavky, km_od_minule_zastavky, pravidelny_cas_odletu, destinace_id) VALUES ((SELECT cislo_letove_linky FROM letova_linka WHERE nazev = 'Lisbon - Prague - St Petersburg'), 0, 0, TO_DATE('05:00', 'HH24:MI'), (SELECT destinace_id FROM destinace WHERE nazev = 'Lisbon'));
INSERT INTO zastavka (cislo_letove_linky, poradi_zastavky, km_od_minule_zastavky, pravidelny_cas_odletu, destinace_id) VALUES ((SELECT cislo_letove_linky FROM letova_linka WHERE nazev = 'Lisbon - Prague - St Petersburg'), 1, 2238, TO_DATE('10:00', 'HH24:MI'), (SELECT destinace_id FROM destinace WHERE nazev = 'Prague'));
INSERT INTO zastavka (cislo_letove_linky, poradi_zastavky, km_od_minule_zastavky, pravidelny_cas_odletu, destinace_id) VALUES ((SELECT cislo_letove_linky FROM letova_linka WHERE nazev = 'Lisbon - Prague - St Petersburg'), 2, 1320, TO_DATE('18:00', 'HH24:MI'), (SELECT destinace_id FROM destinace WHERE nazev = 'St Petersburg'));

INSERT INTO zastavka (cislo_letove_linky, poradi_zastavky, km_od_minule_zastavky, pravidelny_cas_odletu, destinace_id) VALUES ((SELECT cislo_letove_linky FROM letova_linka WHERE nazev = 'Manchester - Stockholm - Ekaterinburg'), 0, 0, TO_DATE('13:00', 'HH24:MI'), (SELECT destinace_id FROM destinace WHERE nazev = 'Manchester'));
INSERT INTO zastavka (cislo_letove_linky, poradi_zastavky, km_od_minule_zastavky, pravidelny_cas_odletu, destinace_id) VALUES ((SELECT cislo_letove_linky FROM letova_linka WHERE nazev = 'Manchester - Stockholm - Ekaterinburg'), 1, 1805, TO_DATE('16:00', 'HH24:MI'), (SELECT destinace_id FROM destinace WHERE nazev = 'Stockholm'));
INSERT INTO zastavka (cislo_letove_linky, poradi_zastavky, km_od_minule_zastavky, pravidelny_cas_odletu, destinace_id) VALUES ((SELECT cislo_letove_linky FROM letova_linka WHERE nazev = 'Manchester - Stockholm - Ekaterinburg'), 2, 3100, TO_DATE('23:00', 'HH24:MI'), (SELECT destinace_id FROM destinace WHERE nazev = 'Ekaterinburg'));

INSERT INTO zastavka (cislo_letove_linky, poradi_zastavky, km_od_minule_zastavky, pravidelny_cas_odletu, destinace_id) VALUES ((SELECT cislo_letove_linky FROM letova_linka WHERE nazev = 'Dubai - Prague - Malaga'), 0, 0, TO_DATE('22:00', 'HH24:MI'), (SELECT destinace_id FROM destinace WHERE nazev = 'Dubai'));
INSERT INTO zastavka (cislo_letove_linky, poradi_zastavky, km_od_minule_zastavky, pravidelny_cas_odletu, destinace_id) VALUES ((SELECT cislo_letove_linky FROM letova_linka WHERE nazev = 'Dubai - Prague - Malaga'), 1, 4472, TO_DATE('03:10', 'HH24:MI'), (SELECT destinace_id FROM destinace WHERE nazev = 'Prague'));
INSERT INTO zastavka (cislo_letove_linky, poradi_zastavky, km_od_minule_zastavky, pravidelny_cas_odletu, destinace_id) VALUES ((SELECT cislo_letove_linky FROM letova_linka WHERE nazev = 'Dubai - Prague - Malaga'), 2, 3456, TO_DATE('08:50', 'HH24:MI'), (SELECT destinace_id FROM destinace WHERE nazev = 'Malaga'));

INSERT INTO zastavka (cislo_letove_linky, poradi_zastavky, km_od_minule_zastavky, pravidelny_cas_odletu, destinace_id) VALUES ((SELECT cislo_letove_linky FROM letova_linka WHERE nazev = 'London - Prague - Heraklion'), 0, 0, TO_DATE('10:00', 'HH24:MI'), (SELECT destinace_id FROM destinace WHERE nazev = 'London'));
INSERT INTO zastavka (cislo_letove_linky, poradi_zastavky, km_od_minule_zastavky, pravidelny_cas_odletu, destinace_id) VALUES ((SELECT cislo_letove_linky FROM letova_linka WHERE nazev = 'London - Prague - Heraklion'), 1, 950, TO_DATE('13:50', 'HH24:MI'), (SELECT destinace_id FROM destinace WHERE nazev = 'Prague'));
INSERT INTO zastavka (cislo_letove_linky, poradi_zastavky, km_od_minule_zastavky, pravidelny_cas_odletu, destinace_id) VALUES ((SELECT cislo_letove_linky FROM letova_linka WHERE nazev = 'London - Prague - Heraklion'), 2, 2700, TO_DATE('18:50', 'HH24:MI'), (SELECT destinace_id FROM destinace WHERE nazev = 'Heraklion'));

INSERT INTO zastavka (cislo_letove_linky, poradi_zastavky, km_od_minule_zastavky, pravidelny_cas_odletu, destinace_id) VALUES ((SELECT cislo_letove_linky FROM letova_linka WHERE nazev = 'Prague - Kiev'), 0, 0, TO_DATE('22:00', 'HH24:MI'), (SELECT destinace_id FROM destinace WHERE nazev = 'Prague'));
INSERT INTO zastavka (cislo_letove_linky, poradi_zastavky, km_od_minule_zastavky, pravidelny_cas_odletu, destinace_id) VALUES ((SELECT cislo_letove_linky FROM letova_linka WHERE nazev = 'Prague - Kiev'), 1, 1305, TO_DATE('03:00', 'HH24:MI'), (SELECT destinace_id FROM destinace WHERE nazev = 'Kiev'));

INSERT INTO zastavka (cislo_letove_linky, poradi_zastavky, km_od_minule_zastavky, pravidelny_cas_odletu, destinace_id) VALUES ((SELECT cislo_letove_linky FROM letova_linka WHERE nazev = 'Madrid - Milan - Vilnius'), 0, 0, TO_DATE('00:00', 'HH24:MI'), (SELECT destinace_id FROM destinace WHERE nazev = 'Madrid'));
INSERT INTO zastavka (cislo_letove_linky, poradi_zastavky, km_od_minule_zastavky, pravidelny_cas_odletu, destinace_id) VALUES ((SELECT cislo_letove_linky FROM letova_linka WHERE nazev = 'Madrid - Milan - Vilnius'), 1, 1635, TO_DATE('03:30', 'HH24:MI'), (SELECT destinace_id FROM destinace WHERE nazev = 'Milan'));
INSERT INTO zastavka (cislo_letove_linky, poradi_zastavky, km_od_minule_zastavky, pravidelny_cas_odletu, destinace_id) VALUES ((SELECT cislo_letove_linky FROM letova_linka WHERE nazev = 'Madrid - Milan - Vilnius'), 2, 2000, TO_DATE('09:20', 'HH24:MI'), (SELECT destinace_id FROM destinace WHERE nazev = 'Vilnius'));

INSERT INTO zastavka (cislo_letove_linky, poradi_zastavky, km_od_minule_zastavky, pravidelny_cas_odletu, destinace_id) VALUES ((SELECT cislo_letove_linky FROM letova_linka WHERE nazev = 'Toronto - London - Prague - Moscow'), 0, 0, TO_DATE('22:00', 'HH24:MI'), (SELECT destinace_id FROM destinace WHERE nazev = 'Toronto'));
INSERT INTO zastavka (cislo_letove_linky, poradi_zastavky, km_od_minule_zastavky, pravidelny_cas_odletu, destinace_id) VALUES ((SELECT cislo_letove_linky FROM letova_linka WHERE nazev = 'Toronto - London - Prague - Moscow'), 1, 5647, TO_DATE('04:30', 'HH24:MI'), (SELECT destinace_id FROM destinace WHERE nazev = 'London'));
INSERT INTO zastavka (cislo_letove_linky, poradi_zastavky, km_od_minule_zastavky, pravidelny_cas_odletu, destinace_id) VALUES ((SELECT cislo_letove_linky FROM letova_linka WHERE nazev = 'Toronto - London - Prague - Moscow'), 2, 950, TO_DATE('09:20', 'HH24:MI'), (SELECT destinace_id FROM destinace WHERE nazev = 'Prague'));
INSERT INTO zastavka (cislo_letove_linky, poradi_zastavky, km_od_minule_zastavky, pravidelny_cas_odletu, destinace_id) VALUES ((SELECT cislo_letove_linky FROM letova_linka WHERE nazev = 'Toronto - London - Prague - Moscow'), 3, 1865, TO_DATE('13:30', 'HH24:MI'), (SELECT destinace_id FROM destinace WHERE nazev = 'Moscow'));

INSERT INTO zastavka (cislo_letove_linky, poradi_zastavky, km_od_minule_zastavky, pravidelny_cas_odletu, destinace_id) VALUES ((SELECT cislo_letove_linky FROM letova_linka WHERE nazev = 'Atlanta - Dublin - Prague - Moscow'), 0, 0, TO_DATE('01:00', 'HH24:MI'), (SELECT destinace_id FROM destinace WHERE nazev = 'Atlanta'));
INSERT INTO zastavka (cislo_letove_linky, poradi_zastavky, km_od_minule_zastavky, pravidelny_cas_odletu, destinace_id) VALUES ((SELECT cislo_letove_linky FROM letova_linka WHERE nazev = 'Atlanta - Dublin - Prague - Moscow'), 1, 8345, TO_DATE('08:30', 'HH24:MI'), (SELECT destinace_id FROM destinace WHERE nazev = 'Dublin'));
INSERT INTO zastavka (cislo_letove_linky, poradi_zastavky, km_od_minule_zastavky, pravidelny_cas_odletu, destinace_id) VALUES ((SELECT cislo_letove_linky FROM letova_linka WHERE nazev = 'Atlanta - Dublin - Prague - Moscow'), 2, 1565, TO_DATE('10:30', 'HH24:MI'), (SELECT destinace_id FROM destinace WHERE nazev = 'Prague'));
INSERT INTO zastavka (cislo_letove_linky, poradi_zastavky, km_od_minule_zastavky, pravidelny_cas_odletu, destinace_id) VALUES ((SELECT cislo_letove_linky FROM letova_linka WHERE nazev = 'Atlanta - Dublin - Prague - Moscow'), 3, 1865, TO_DATE('15:50', 'HH24:MI'), (SELECT destinace_id FROM destinace WHERE nazev = 'Moscow'));

INSERT INTO zastavka (cislo_letove_linky, poradi_zastavky, km_od_minule_zastavky, pravidelny_cas_odletu, destinace_id) VALUES ((SELECT cislo_letove_linky FROM letova_linka WHERE nazev = 'Malta - Prague - Trondheim'), 0, 0, TO_DATE('07:00', 'HH24:MI'), (SELECT destinace_id FROM destinace WHERE nazev = 'Malta'));
INSERT INTO zastavka (cislo_letove_linky, poradi_zastavky, km_od_minule_zastavky, pravidelny_cas_odletu, destinace_id) VALUES ((SELECT cislo_letove_linky FROM letova_linka WHERE nazev = 'Malta - Prague - Trondheim'), 1, 2450, TO_DATE('10:10', 'HH24:MI'), (SELECT destinace_id FROM destinace WHERE nazev = 'Prague'));
INSERT INTO zastavka (cislo_letove_linky, poradi_zastavky, km_od_minule_zastavky, pravidelny_cas_odletu, destinace_id) VALUES ((SELECT cislo_letove_linky FROM letova_linka WHERE nazev = 'Malta - Prague - Trondheim'), 2, 2025, TO_DATE('13:20', 'HH24:MI'), (SELECT destinace_id FROM destinace WHERE nazev = 'Trondheim'));

INSERT INTO zastavka (cislo_letove_linky, poradi_zastavky, km_od_minule_zastavky, pravidelny_cas_odletu, destinace_id) VALUES ((SELECT cislo_letove_linky FROM letova_linka WHERE nazev = 'Stavenger - Warsaw - Tbilisi'), 0, 0, TO_DATE('09:00', 'HH24:MI'), (SELECT destinace_id FROM destinace WHERE nazev = 'Stavenger'));
INSERT INTO zastavka (cislo_letove_linky, poradi_zastavky, km_od_minule_zastavky, pravidelny_cas_odletu, destinace_id) VALUES ((SELECT cislo_letove_linky FROM letova_linka WHERE nazev = 'Stavenger - Warsaw - Tbilisi'), 1, 2034, TO_DATE('12:20', 'HH24:MI'), (SELECT destinace_id FROM destinace WHERE nazev = 'Warsaw'));
INSERT INTO zastavka (cislo_letove_linky, poradi_zastavky, km_od_minule_zastavky, pravidelny_cas_odletu, destinace_id) VALUES ((SELECT cislo_letove_linky FROM letova_linka WHERE nazev = 'Stavenger - Warsaw - Tbilisi'), 2, 1790, TO_DATE('14:40', 'HH24:MI'), (SELECT destinace_id FROM destinace WHERE nazev = 'Tbilisi'));

INSERT INTO zastavka (cislo_letove_linky, poradi_zastavky, km_od_minule_zastavky, pravidelny_cas_odletu, destinace_id) VALUES ((SELECT cislo_letove_linky FROM letova_linka WHERE nazev = 'Oslo - Berlin - Prague'), 0, 0, TO_DATE('09:00', 'HH24:MI'), (SELECT destinace_id FROM destinace WHERE nazev = 'Oslo'));
INSERT INTO zastavka (cislo_letove_linky, poradi_zastavky, km_od_minule_zastavky, pravidelny_cas_odletu, destinace_id) VALUES ((SELECT cislo_letove_linky FROM letova_linka WHERE nazev = 'Oslo - Berlin - Prague'), 1, 1110, TO_DATE('11:20', 'HH24:MI'), (SELECT destinace_id FROM destinace WHERE nazev = 'Berlin'));
INSERT INTO zastavka (cislo_letove_linky, poradi_zastavky, km_od_minule_zastavky, pravidelny_cas_odletu, destinace_id) VALUES ((SELECT cislo_letove_linky FROM letova_linka WHERE nazev = 'Oslo - Berlin - Prague'), 2, 355, TO_DATE('12:10', 'HH24:MI'), (SELECT destinace_id FROM destinace WHERE nazev = 'Prague'));

INSERT INTO zastavka (cislo_letove_linky, poradi_zastavky, km_od_minule_zastavky, pravidelny_cas_odletu, destinace_id) VALUES ((SELECT cislo_letove_linky FROM letova_linka WHERE nazev = 'Barcelona - Prague - Kosice'), 0, 0, TO_DATE('10:00', 'HH24:MI'), (SELECT destinace_id FROM destinace WHERE nazev = 'Barcelona'));
INSERT INTO zastavka (cislo_letove_linky, poradi_zastavky, km_od_minule_zastavky, pravidelny_cas_odletu, destinace_id) VALUES ((SELECT cislo_letove_linky FROM letova_linka WHERE nazev = 'Barcelona - Prague - Kosice'), 1, 1755, TO_DATE('14:55', 'HH24:MI'), (SELECT destinace_id FROM destinace WHERE nazev = 'Prague'));
INSERT INTO zastavka (cislo_letove_linky, poradi_zastavky, km_od_minule_zastavky, pravidelny_cas_odletu, destinace_id) VALUES ((SELECT cislo_letove_linky FROM letova_linka WHERE nazev = 'Barcelona - Prague - Kosice'), 2, 757, TO_DATE('16:10', 'HH24:MI'), (SELECT destinace_id FROM destinace WHERE nazev = 'Kosice'));

INSERT INTO zastavka (cislo_letove_linky, poradi_zastavky, km_od_minule_zastavky, pravidelny_cas_odletu, destinace_id) VALUES ((SELECT cislo_letove_linky FROM letova_linka WHERE nazev = 'Madrid - Paris - Prague - Istanbul'), 0, 0, TO_DATE('23:00', 'HH24:MI'), (SELECT destinace_id FROM destinace WHERE nazev = 'Madrid'));
INSERT INTO zastavka (cislo_letove_linky, poradi_zastavky, km_od_minule_zastavky, pravidelny_cas_odletu, destinace_id) VALUES ((SELECT cislo_letove_linky FROM letova_linka WHERE nazev = 'Madrid - Paris - Prague - Istanbul'), 1, 1420, TO_DATE('01:50', 'HH24:MI'), (SELECT destinace_id FROM destinace WHERE nazev = 'Paris'));
INSERT INTO zastavka (cislo_letove_linky, poradi_zastavky, km_od_minule_zastavky, pravidelny_cas_odletu, destinace_id) VALUES ((SELECT cislo_letove_linky FROM letova_linka WHERE nazev = 'Madrid - Paris - Prague - Istanbul'), 2, 1040, TO_DATE('03:50', 'HH24:MI'), (SELECT destinace_id FROM destinace WHERE nazev = 'Prague'));
INSERT INTO zastavka (cislo_letove_linky, poradi_zastavky, km_od_minule_zastavky, pravidelny_cas_odletu, destinace_id) VALUES ((SELECT cislo_letove_linky FROM letova_linka WHERE nazev = 'Madrid - Paris - Prague - Istanbul'), 3, 1865, TO_DATE('06:20', 'HH24:MI'), (SELECT destinace_id FROM destinace WHERE nazev = 'Istanbul'));

INSERT INTO zastavka (cislo_letove_linky, poradi_zastavky, km_od_minule_zastavky, pravidelny_cas_odletu, destinace_id) VALUES ((SELECT cislo_letove_linky FROM letova_linka WHERE nazev = 'Prague - Paris - Prague'), 0, 0, TO_DATE('11:00', 'HH24:MI'), (SELECT destinace_id FROM destinace WHERE nazev = 'Prague'));
INSERT INTO zastavka (cislo_letove_linky, poradi_zastavky, km_od_minule_zastavky, pravidelny_cas_odletu, destinace_id) VALUES ((SELECT cislo_letove_linky FROM letova_linka WHERE nazev = 'Prague - Paris - Prague'), 1, 1040, TO_DATE('13:25', 'HH24:MI'), (SELECT destinace_id FROM destinace WHERE nazev = 'Paris'));
INSERT INTO zastavka (cislo_letove_linky, poradi_zastavky, km_od_minule_zastavky, pravidelny_cas_odletu, destinace_id) VALUES ((SELECT cislo_letove_linky FROM letova_linka WHERE nazev = 'Prague - Paris - Prague'), 2, 1040, TO_DATE('15:30', 'HH24:MI'), (SELECT destinace_id FROM destinace WHERE nazev = 'Prague'));

INSERT INTO zastavka (cislo_letove_linky, poradi_zastavky, km_od_minule_zastavky, pravidelny_cas_odletu, destinace_id) VALUES ((SELECT cislo_letove_linky FROM letova_linka WHERE nazev = 'Prague - London - Prague'), 0, 0, TO_DATE('11:30', 'HH24:MI'), (SELECT destinace_id FROM destinace WHERE nazev = 'Prague'));
INSERT INTO zastavka (cislo_letove_linky, poradi_zastavky, km_od_minule_zastavky, pravidelny_cas_odletu, destinace_id) VALUES ((SELECT cislo_letove_linky FROM letova_linka WHERE nazev = 'Prague - London - Prague'), 1, 950, TO_DATE('13:25', 'HH24:MI'), (SELECT destinace_id FROM destinace WHERE nazev = 'London'));
INSERT INTO zastavka (cislo_letove_linky, poradi_zastavky, km_od_minule_zastavky, pravidelny_cas_odletu, destinace_id) VALUES ((SELECT cislo_letove_linky FROM letova_linka WHERE nazev = 'Prague - London - Prague'), 2, 950, TO_DATE('14:50', 'HH24:MI'), (SELECT destinace_id FROM destinace WHERE nazev = 'Prague'));

INSERT INTO let (cislo_letu, pilot_id, letadlo_id, cislo_letove_linky, cas_odletu) VALUES ('OK' || let_seq.NEXTVAL, (SELECT p.pilot_id FROM pilot p, zamestnanec z WHERE p.zamestnanec_id = z.zamestnanec_id AND z.jmeno = 'David' AND z.prijmeni = 'Weigel'), (SELECT l.letadlo_id FROM letadlo l WHERE l.typ_letadla_id = 'An-22' AND ROWNUM = 1), (SELECT cislo_letove_linky FROM letova_linka WHERE nazev = 'Atlanta - Dublin - Prague - Moscow'), TO_DATE(TO_CHAR(TO_DATE('23.08.2009', 'dd.MM.YYYY'), 'dd.MM.YYYY') || ', ' || TO_CHAR((SELECT z.pravidelny_cas_odletu FROM zastavka z, letova_linka l WHERE l.cislo_letove_linky = z.cislo_letove_linky AND z.poradi_zastavky = 0 AND l.nazev = 'Atlanta - Dublin - Prague - Moscow'), 'HH24:MI'), 'dd.MM.YYYY, HH24:MI'));
INSERT INTO let (cislo_letu, pilot_id, letadlo_id, cislo_letove_linky, cas_odletu) VALUES ('OK' || let_seq.NEXTVAL, (SELECT p.pilot_id FROM pilot p, zamestnanec z WHERE p.zamestnanec_id = z.zamestnanec_id AND z.jmeno = 'David' AND z.prijmeni = 'Weigel'), (SELECT l.letadlo_id FROM letadlo l WHERE l.typ_letadla_id = 'ATR42-320' AND ROWNUM = 1), (SELECT cislo_letove_linky FROM letova_linka WHERE nazev = 'Barcelona - Prague - Kosice'), TO_DATE(TO_CHAR(TO_DATE('20.07.2009', 'dd.MM.YYYY'), 'dd.MM.YYYY') || ', ' || TO_CHAR((SELECT z.pravidelny_cas_odletu FROM zastavka z, letova_linka l WHERE l.cislo_letove_linky = z.cislo_letove_linky AND z.poradi_zastavky = 0 AND l.nazev = 'Barcelona - Prague - Kosice'), 'HH24:MI'), 'dd.MM.YYYY, HH24:MI'));
INSERT INTO let (cislo_letu, pilot_id, letadlo_id, cislo_letove_linky, cas_odletu) VALUES ('OK' || let_seq.NEXTVAL, (SELECT p.pilot_id FROM pilot p, zamestnanec z WHERE p.zamestnanec_id = z.zamestnanec_id AND z.jmeno = 'David' AND z.prijmeni = 'Weigel'), (SELECT l.letadlo_id FROM letadlo l WHERE l.typ_letadla_id = 'ATR42-320' AND ROWNUM = 1), (SELECT cislo_letove_linky FROM letova_linka WHERE nazev = 'Barcelona - Prague - Kosice'), TO_DATE(TO_CHAR(TO_DATE('30.08.2009', 'dd.MM.YYYY'), 'dd.MM.YYYY') || ', ' || TO_CHAR((SELECT z.pravidelny_cas_odletu FROM zastavka z, letova_linka l WHERE l.cislo_letove_linky = z.cislo_letove_linky AND z.poradi_zastavky = 0 AND l.nazev = 'Barcelona - Prague - Kosice'), 'HH24:MI'), 'dd.MM.YYYY, HH24:MI'));
INSERT INTO let (cislo_letu, pilot_id, letadlo_id, cislo_letove_linky, cas_odletu) VALUES ('OK' || let_seq.NEXTVAL, (SELECT p.pilot_id FROM pilot p, zamestnanec z WHERE p.zamestnanec_id = z.zamestnanec_id AND z.jmeno = 'Josef' AND z.prijmeni = 'Šídlo'), (SELECT l.letadlo_id FROM letadlo l WHERE l.typ_letadla_id = 'A310' AND ROWNUM = 1), (SELECT cislo_letove_linky FROM letova_linka WHERE nazev = 'Dubai - Prague - Malaga'), TO_DATE(TO_CHAR(TO_DATE('01.06.2009', 'dd.MM.YYYY'), 'dd.MM.YYYY') || ', ' || TO_CHAR((SELECT z.pravidelny_cas_odletu FROM zastavka z, letova_linka l WHERE l.cislo_letove_linky = z.cislo_letove_linky AND z.poradi_zastavky = 0 AND l.nazev = 'Dubai - Prague - Malaga'), 'HH24:MI'), 'dd.MM.YYYY, HH24:MI'));
INSERT INTO let (cislo_letu, pilot_id, letadlo_id, cislo_letove_linky, cas_odletu) VALUES ('OK' || let_seq.NEXTVAL, (SELECT p.pilot_id FROM pilot p, zamestnanec z WHERE p.zamestnanec_id = z.zamestnanec_id AND z.jmeno = 'Josef' AND z.prijmeni = 'Šídlo'), (SELECT l.letadlo_id FROM letadlo l WHERE l.typ_letadla_id = 'A310' AND ROWNUM = 1), (SELECT cislo_letove_linky FROM letova_linka WHERE nazev = 'Dubai - Prague - Malaga'), TO_DATE(TO_CHAR(TO_DATE('20.05.2009', 'dd.MM.YYYY'), 'dd.MM.YYYY') || ', ' || TO_CHAR((SELECT z.pravidelny_cas_odletu FROM zastavka z, letova_linka l WHERE l.cislo_letove_linky = z.cislo_letove_linky AND z.poradi_zastavky = 0 AND l.nazev = 'Dubai - Prague - Malaga'), 'HH24:MI'), 'dd.MM.YYYY, HH24:MI'));
INSERT INTO let (cislo_letu, pilot_id, letadlo_id, cislo_letove_linky, cas_odletu) VALUES ('OK' || let_seq.NEXTVAL, (SELECT p.pilot_id FROM pilot p, zamestnanec z WHERE p.zamestnanec_id = z.zamestnanec_id AND z.jmeno = 'Zdeněk' AND z.prijmeni = 'Vesecký'), (SELECT l.letadlo_id FROM letadlo l WHERE l.typ_letadla_id = 'B-52' AND ROWNUM = 1), (SELECT cislo_letove_linky FROM letova_linka WHERE nazev = 'Lisbon - Prague - St Petersburg'), TO_DATE(TO_CHAR(TO_DATE('03.03.2009', 'dd.MM.YYYY'), 'dd.MM.YYYY') || ', ' || TO_CHAR((SELECT z.pravidelny_cas_odletu FROM zastavka z, letova_linka l WHERE l.cislo_letove_linky = z.cislo_letove_linky AND z.poradi_zastavky = 0 AND l.nazev = 'Lisbon - Prague - St Petersburg'), 'HH24:MI'), 'dd.MM.YYYY, HH24:MI'));
INSERT INTO let (cislo_letu, pilot_id, letadlo_id, cislo_letove_linky, cas_odletu) VALUES ('OK' || let_seq.NEXTVAL, (SELECT p.pilot_id FROM pilot p, zamestnanec z WHERE p.zamestnanec_id = z.zamestnanec_id AND z.jmeno = 'Alan' AND z.prijmeni = 'Messer'), (SELECT l.letadlo_id FROM letadlo l WHERE l.typ_letadla_id = 'Concorde' AND ROWNUM = 1), (SELECT cislo_letove_linky FROM letova_linka WHERE nazev = 'Madrid - Paris - Prague - Istanbul'), TO_DATE(TO_CHAR(TO_DATE('04.12.2008', 'dd.MM.YYYY'), 'dd.MM.YYYY') || ', ' || TO_CHAR((SELECT z.pravidelny_cas_odletu FROM zastavka z, letova_linka l WHERE l.cislo_letove_linky = z.cislo_letove_linky AND z.poradi_zastavky = 0 AND l.nazev = 'Madrid - Paris - Prague - Istanbul'), 'HH24:MI'), 'dd.MM.YYYY, HH24:MI'));
INSERT INTO let (cislo_letu, pilot_id, letadlo_id, cislo_letove_linky, cas_odletu) VALUES ('OK' || let_seq.NEXTVAL, (SELECT p.pilot_id FROM pilot p, zamestnanec z WHERE p.zamestnanec_id = z.zamestnanec_id AND z.jmeno = 'Zuzana' AND z.prijmeni = 'Komárková'), (SELECT l.letadlo_id FROM letadlo l WHERE l.typ_letadla_id = 'B737-400' AND ROWNUM = 1), (SELECT cislo_letove_linky FROM letova_linka WHERE nazev = 'London - Prague - Heraklion'), TO_DATE(TO_CHAR(TO_DATE('05.07.2009', 'dd.MM.YYYY'), 'dd.MM.YYYY') || ', ' || TO_CHAR((SELECT z.pravidelny_cas_odletu FROM zastavka z, letova_linka l WHERE l.cislo_letove_linky = z.cislo_letove_linky AND z.poradi_zastavky = 0 AND l.nazev = 'London - Prague - Heraklion'), 'HH24:MI'), 'dd.MM.YYYY, HH24:MI'));
INSERT INTO let (cislo_letu, pilot_id, letadlo_id, cislo_letove_linky, cas_odletu) VALUES ('OK' || let_seq.NEXTVAL, (SELECT p.pilot_id FROM pilot p, zamestnanec z WHERE p.zamestnanec_id = z.zamestnanec_id AND z.jmeno = 'Evžen' AND z.prijmeni = 'Renoir'), (SELECT l.letadlo_id FROM letadlo l WHERE l.typ_letadla_id = 'C172' AND ROWNUM = 1), (SELECT cislo_letove_linky FROM letova_linka WHERE nazev = 'Malta - Prague - Trondheim'), TO_DATE(TO_CHAR(TO_DATE('06.06.2009', 'dd.MM.YYYY'), 'dd.MM.YYYY') || ', ' || TO_CHAR((SELECT z.pravidelny_cas_odletu FROM zastavka z, letova_linka l WHERE l.cislo_letove_linky = z.cislo_letove_linky AND z.poradi_zastavky = 0 AND l.nazev = 'Malta - Prague - Trondheim'), 'HH24:MI'), 'dd.MM.YYYY, HH24:MI'));
INSERT INTO let (cislo_letu, pilot_id, letadlo_id, cislo_letove_linky, cas_odletu) VALUES ('OK' || let_seq.NEXTVAL, (SELECT p.pilot_id FROM pilot p, zamestnanec z WHERE p.zamestnanec_id = z.zamestnanec_id AND z.jmeno = 'Evžen' AND z.prijmeni = 'Renoir'), (SELECT l.letadlo_id FROM letadlo l WHERE l.typ_letadla_id = 'C172' AND ROWNUM = 1), (SELECT cislo_letove_linky FROM letova_linka WHERE nazev = 'Malta - Prague - Trondheim'), TO_DATE(TO_CHAR(TO_DATE('06.07.2009', 'dd.MM.YYYY'), 'dd.MM.YYYY') || ', ' || TO_CHAR((SELECT z.pravidelny_cas_odletu FROM zastavka z, letova_linka l WHERE l.cislo_letove_linky = z.cislo_letove_linky AND z.poradi_zastavky = 0 AND l.nazev = 'Malta - Prague - Trondheim'), 'HH24:MI'), 'dd.MM.YYYY, HH24:MI'));
INSERT INTO let (cislo_letu, pilot_id, letadlo_id, cislo_letove_linky, cas_odletu) VALUES ('OK' || let_seq.NEXTVAL, (SELECT p.pilot_id FROM pilot p, zamestnanec z WHERE p.zamestnanec_id = z.zamestnanec_id AND z.jmeno = 'Karel' AND z.prijmeni = 'Hrubý'), (SELECT l.letadlo_id FROM letadlo l WHERE l.typ_letadla_id = 'EF-2000' AND ROWNUM = 1), (SELECT cislo_letove_linky FROM letova_linka WHERE nazev = 'New York - Prague - Moscow'), TO_DATE(TO_CHAR(TO_DATE('01.09.2009', 'dd.MM.YYYY'), 'dd.MM.YYYY') || ', ' || TO_CHAR((SELECT z.pravidelny_cas_odletu FROM zastavka z, letova_linka l WHERE l.cislo_letove_linky = z.cislo_letove_linky AND z.poradi_zastavky = 0 AND l.nazev = 'New York - Prague - Moscow'), 'HH24:MI'), 'dd.MM.YYYY, HH24:MI'));
INSERT INTO let (cislo_letu, pilot_id, letadlo_id, cislo_letove_linky, cas_odletu) VALUES ('OK' || let_seq.NEXTVAL, (SELECT p.pilot_id FROM pilot p, zamestnanec z WHERE p.zamestnanec_id = z.zamestnanec_id AND z.jmeno = 'Karel' AND z.prijmeni = 'Hrubý'), (SELECT l.letadlo_id FROM letadlo l WHERE l.typ_letadla_id = 'Dc-10' AND ROWNUM = 1), (SELECT cislo_letove_linky FROM letova_linka WHERE nazev = 'Manchester - Stockholm - Ekaterinburg'), TO_DATE(TO_CHAR(TO_DATE('30.04.2009', 'dd.MM.YYYY'), 'dd.MM.YYYY') || ', ' || TO_CHAR((SELECT z.pravidelny_cas_odletu FROM zastavka z, letova_linka l WHERE l.cislo_letove_linky = z.cislo_letove_linky AND z.poradi_zastavky = 0 AND l.nazev = 'Manchester - Stockholm - Ekaterinburg'), 'HH24:MI'), 'dd.MM.YYYY, HH24:MI'));
INSERT INTO let (cislo_letu, pilot_id, letadlo_id, cislo_letove_linky, cas_odletu) VALUES ('OK' || let_seq.NEXTVAL, (SELECT p.pilot_id FROM pilot p, zamestnanec z WHERE p.zamestnanec_id = z.zamestnanec_id AND z.jmeno = 'David' AND z.prijmeni = 'Weigel'), (SELECT l.letadlo_id FROM letadlo l WHERE l.typ_letadla_id = 'IL-76' AND ROWNUM = 1), (SELECT cislo_letove_linky FROM letova_linka WHERE nazev = 'Oslo - Berlin - Prague'), TO_DATE(TO_CHAR(TO_DATE('22.05.2008', 'dd.MM.YYYY'), 'dd.MM.YYYY') || ', ' || TO_CHAR((SELECT z.pravidelny_cas_odletu FROM zastavka z, letova_linka l WHERE l.cislo_letove_linky = z.cislo_letove_linky AND z.poradi_zastavky = 0 AND l.nazev = 'Oslo - Berlin - Prague'), 'HH24:MI'), 'dd.MM.YYYY, HH24:MI'));
INSERT INTO let (cislo_letu, pilot_id, letadlo_id, cislo_letove_linky, cas_odletu) VALUES ('OK' || let_seq.NEXTVAL, (SELECT p.pilot_id FROM pilot p, zamestnanec z WHERE p.zamestnanec_id = z.zamestnanec_id AND z.jmeno = 'Josef' AND z.prijmeni = 'Šídlo'), (SELECT l.letadlo_id FROM letadlo l WHERE l.typ_letadla_id = 'L-1011-500' AND ROWNUM = 1), (SELECT cislo_letove_linky FROM letova_linka WHERE nazev = 'Prague - Kiev'), TO_DATE(TO_CHAR(TO_DATE('01.01.2008', 'dd.MM.YYYY'), 'dd.MM.YYYY') || ', ' || TO_CHAR((SELECT z.pravidelny_cas_odletu FROM zastavka z, letova_linka l WHERE l.cislo_letove_linky = z.cislo_letove_linky AND z.poradi_zastavky = 0 AND l.nazev = 'Prague - Kiev'), 'HH24:MI'), 'dd.MM.YYYY, HH24:MI'));
INSERT INTO let (cislo_letu, pilot_id, letadlo_id, cislo_letove_linky, cas_odletu) VALUES ('OK' || let_seq.NEXTVAL, (SELECT p.pilot_id FROM pilot p, zamestnanec z WHERE p.zamestnanec_id = z.zamestnanec_id AND z.jmeno = 'Aleš' AND z.prijmeni = 'Arbelovský'), (SELECT l.letadlo_id FROM letadlo l WHERE l.typ_letadla_id = 'SR-71' AND ROWNUM = 1), (SELECT cislo_letove_linky FROM letova_linka WHERE nazev = 'Prague - London - Prague'), TO_DATE(TO_CHAR(TO_DATE('12.12.2007', 'dd.MM.YYYY'), 'dd.MM.YYYY') || ', ' || TO_CHAR((SELECT z.pravidelny_cas_odletu FROM zastavka z, letova_linka l WHERE l.cislo_letove_linky = z.cislo_letove_linky AND z.poradi_zastavky = 0 AND l.nazev = 'Prague - London - Prague'), 'HH24:MI'), 'dd.MM.YYYY, HH24:MI'));
INSERT INTO let (cislo_letu, pilot_id, letadlo_id, cislo_letove_linky, cas_odletu) VALUES ('OK' || let_seq.NEXTVAL, (SELECT p.pilot_id FROM pilot p, zamestnanec z WHERE p.zamestnanec_id = z.zamestnanec_id AND z.jmeno = 'Aleš' AND z.prijmeni = 'Arbelovský'), (SELECT l.letadlo_id FROM letadlo l WHERE l.typ_letadla_id = 'M2000C' AND ROWNUM = 1), (SELECT cislo_letove_linky FROM letova_linka WHERE nazev = 'Prague - Paris - Prague'), TO_DATE(TO_CHAR(TO_DATE('28.02.2009', 'dd.MM.YYYY'), 'dd.MM.YYYY') || ', ' || TO_CHAR((SELECT z.pravidelny_cas_odletu FROM zastavka z, letova_linka l WHERE l.cislo_letove_linky = z.cislo_letove_linky AND z.poradi_zastavky = 0 AND l.nazev = 'Prague - Paris - Prague'), 'HH24:MI'), 'dd.MM.YYYY, HH24:MI'));
INSERT INTO let (cislo_letu, pilot_id, letadlo_id, cislo_letove_linky, cas_odletu) VALUES ('OK' || let_seq.NEXTVAL, (SELECT p.pilot_id FROM pilot p, zamestnanec z WHERE p.zamestnanec_id = z.zamestnanec_id AND z.jmeno = 'Aleš' AND z.prijmeni = 'Arbelovský'), (SELECT l.letadlo_id FROM letadlo l WHERE l.typ_letadla_id = 'Tu-154' AND ROWNUM = 1), (SELECT cislo_letove_linky FROM letova_linka WHERE nazev = 'Toronto - London - Prague - Moscow'), TO_DATE(TO_CHAR(TO_DATE('27.03.2009', 'dd.MM.YYYY'), 'dd.MM.YYYY') || ', ' || TO_CHAR((SELECT z.pravidelny_cas_odletu FROM zastavka z, letova_linka l WHERE l.cislo_letove_linky = z.cislo_letove_linky AND z.poradi_zastavky = 0 AND l.nazev = 'Toronto - London - Prague - Moscow'), 'HH24:MI'), 'dd.MM.YYYY, HH24:MI'));
INSERT INTO let (cislo_letu, pilot_id, letadlo_id, cislo_letove_linky, cas_odletu) VALUES ('OK' || let_seq.NEXTVAL, (SELECT p.pilot_id FROM pilot p, zamestnanec z WHERE p.zamestnanec_id = z.zamestnanec_id AND z.jmeno = 'Zuzana' AND z.prijmeni = 'Komárková'), (SELECT l.letadlo_id FROM letadlo l WHERE l.typ_letadla_id = 'A319' AND ROWNUM = 1), (SELECT cislo_letove_linky FROM letova_linka WHERE nazev = 'Toronto - London - Prague - Moscow'), TO_DATE(TO_CHAR(TO_DATE('30.03.2009', 'dd.MM.YYYY'), 'dd.MM.YYYY') || ', ' || TO_CHAR((SELECT z.pravidelny_cas_odletu FROM zastavka z, letova_linka l WHERE l.cislo_letove_linky = z.cislo_letove_linky AND z.poradi_zastavky = 0 AND l.nazev = 'Toronto - London - Prague - Moscow'), 'HH24:MI'), 'dd.MM.YYYY, HH24:MI'));

INSERT INTO ucastnik_letu (cislo_letu, pasazer_id, odkud, kam, cena, pocet_prestupku) VALUES ('OK1', (SELECT pasazer_id FROM pasazer WHERE jmeno = 'Ali' AND prijmeni = 'Musset'), (SELECT destinace_id FROM destinace WHERE nazev = 'Dublin'), (SELECT destinace_id FROM destinace WHERE nazev = 'Moscow'), 3500.0, 0);
INSERT INTO ucastnik_letu (cislo_letu, pasazer_id, odkud, kam, cena, pocet_prestupku) VALUES ('OK1', (SELECT pasazer_id FROM pasazer WHERE jmeno = 'Ellen' AND prijmeni = 'Ripley'), (SELECT destinace_id FROM destinace WHERE nazev = 'Atlanta'), (SELECT destinace_id FROM destinace WHERE nazev = 'Dublin'), 8500.0, 0);
INSERT INTO ucastnik_letu (cislo_letu, pasazer_id, odkud, kam, cena, pocet_prestupku) VALUES ('OK1', (SELECT pasazer_id FROM pasazer WHERE jmeno = 'Filip' AND prijmeni = 'Ulrich'), (SELECT destinace_id FROM destinace WHERE nazev = 'Atlanta'), (SELECT destinace_id FROM destinace WHERE nazev = 'Prague'), 8600.0, 0);
INSERT INTO ucastnik_letu (cislo_letu, pasazer_id, odkud, kam, cena, pocet_prestupku) VALUES ('OK2', (SELECT pasazer_id FROM pasazer WHERE jmeno = 'Jakub' AND prijmeni = 'Hejný'), (SELECT destinace_id FROM destinace WHERE nazev = 'Prague'), (SELECT destinace_id FROM destinace WHERE nazev = 'Kosice'), 1200.0, 0);
INSERT INTO ucastnik_letu (cislo_letu, pasazer_id, odkud, kam, cena, pocet_prestupku) VALUES ('OK2', (SELECT pasazer_id FROM pasazer WHERE jmeno = 'Dobromila' AND prijmeni = 'Fukalíková'), (SELECT destinace_id FROM destinace WHERE nazev = 'Prague'), (SELECT destinace_id FROM destinace WHERE nazev = 'Kosice'), 1200.0, 0);
INSERT INTO ucastnik_letu (cislo_letu, pasazer_id, odkud, kam, cena, pocet_prestupku) VALUES ('OK2', (SELECT pasazer_id FROM pasazer WHERE jmeno = 'Ali' AND prijmeni = 'Musset'), (SELECT destinace_id FROM destinace WHERE nazev = 'Barcelona'), (SELECT destinace_id FROM destinace WHERE nazev = 'Kosice'), 2600.0, 1);
INSERT INTO ucastnik_letu (cislo_letu, pasazer_id, odkud, kam, cena, pocet_prestupku) VALUES ('OK8', (SELECT pasazer_id FROM pasazer WHERE jmeno = 'Anthony' AND prijmeni = 'Hopkins'), (SELECT destinace_id FROM destinace WHERE nazev = 'Prague'), (SELECT destinace_id FROM destinace WHERE nazev = 'Heraklion'), 1400.0, 0);
INSERT INTO ucastnik_letu (cislo_letu, pasazer_id, odkud, kam, cena, pocet_prestupku) VALUES ('OK8', (SELECT pasazer_id FROM pasazer WHERE jmeno = 'Emil' AND prijmeni = 'Zátopek'), (SELECT destinace_id FROM destinace WHERE nazev = 'London'), (SELECT destinace_id FROM destinace WHERE nazev = 'Heraklion'), 3400.0, 0);
INSERT INTO ucastnik_letu (cislo_letu, pasazer_id, odkud, kam, cena, pocet_prestupku) VALUES ('OK5', (SELECT pasazer_id FROM pasazer WHERE jmeno = 'Gustav' AND prijmeni = 'Tišenko'), (SELECT destinace_id FROM destinace WHERE nazev = 'Dubai'), (SELECT destinace_id FROM destinace WHERE nazev = 'Malaga'), 2340.90, 0);
INSERT INTO ucastnik_letu (cislo_letu, pasazer_id, odkud, kam, cena, pocet_prestupku) VALUES ('OK5', (SELECT pasazer_id FROM pasazer WHERE jmeno = 'Milan' AND prijmeni = 'Zavářka'), (SELECT destinace_id FROM destinace WHERE nazev = 'Dubai'), (SELECT destinace_id FROM destinace WHERE nazev = 'Malaga'), 2340.90, 0);
INSERT INTO ucastnik_letu (cislo_letu, pasazer_id, odkud, kam, cena, pocet_prestupku) VALUES ('OK5', (SELECT pasazer_id FROM pasazer WHERE jmeno = 'Daniel' AND prijmeni = 'Výbojný'), (SELECT destinace_id FROM destinace WHERE nazev = 'Dubai'), (SELECT destinace_id FROM destinace WHERE nazev = 'Malaga'), 2340.90, 1);
INSERT INTO ucastnik_letu (cislo_letu, pasazer_id, odkud, kam, cena, pocet_prestupku) VALUES ('OK5', (SELECT pasazer_id FROM pasazer WHERE jmeno = 'Roman' AND prijmeni = 'Šakal'), (SELECT destinace_id FROM destinace WHERE nazev = 'Dubai'), (SELECT destinace_id FROM destinace WHERE nazev = 'Malaga'), 2340.90, 0);
INSERT INTO ucastnik_letu (cislo_letu, pasazer_id, odkud, kam, cena, pocet_prestupku) VALUES ('OK5', (SELECT pasazer_id FROM pasazer WHERE jmeno = 'Uma' AND prijmeni = 'Thurman'), (SELECT destinace_id FROM destinace WHERE nazev = 'Prague'), (SELECT destinace_id FROM destinace WHERE nazev = 'Malaga'), 1340.50, 0);
INSERT INTO ucastnik_letu (cislo_letu, pasazer_id, odkud, kam, cena, pocet_prestupku) VALUES ('OK5', (SELECT pasazer_id FROM pasazer WHERE jmeno = 'Gabriel' AND prijmeni = 'Seneca'), (SELECT destinace_id FROM destinace WHERE nazev = 'Prague'), (SELECT destinace_id FROM destinace WHERE nazev = 'Malaga'), 1340.50, 0);
INSERT INTO ucastnik_letu (cislo_letu, pasazer_id, odkud, kam, cena, pocet_prestupku) VALUES ('OK5', (SELECT pasazer_id FROM pasazer WHERE jmeno = 'John' AND prijmeni = 'Smith'), (SELECT destinace_id FROM destinace WHERE nazev = 'Dubai'), (SELECT destinace_id FROM destinace WHERE nazev = 'Malaga'), 2340.90, 0);
INSERT INTO ucastnik_letu (cislo_letu, pasazer_id, odkud, kam, cena, pocet_prestupku) VALUES ('OK5', (SELECT pasazer_id FROM pasazer WHERE jmeno = 'Luboš' AND prijmeni = 'Kocián'), (SELECT destinace_id FROM destinace WHERE nazev = 'Dubai'), (SELECT destinace_id FROM destinace WHERE nazev = 'Malaga'), 2340.90, 0);
INSERT INTO ucastnik_letu (cislo_letu, pasazer_id, odkud, kam, cena, pocet_prestupku) VALUES ('OK5', (SELECT pasazer_id FROM pasazer WHERE jmeno = 'Ondřej' AND prijmeni = 'Konipas'), (SELECT destinace_id FROM destinace WHERE nazev = 'Dubai'), (SELECT destinace_id FROM destinace WHERE nazev = 'Malaga'), 2340.90, 0);
INSERT INTO ucastnik_letu (cislo_letu, pasazer_id, odkud, kam, cena, pocet_prestupku) VALUES ('OK5', (SELECT pasazer_id FROM pasazer WHERE jmeno = 'Radka' AND prijmeni = 'Malá'), (SELECT destinace_id FROM destinace WHERE nazev = 'Dubai'), (SELECT destinace_id FROM destinace WHERE nazev = 'Prague'), 2140.50, 0);
INSERT INTO ucastnik_letu (cislo_letu, pasazer_id, odkud, kam, cena, pocet_prestupku) VALUES ('OK5', (SELECT pasazer_id FROM pasazer WHERE jmeno = 'Brian' AND prijmeni = 'Kernigan'), (SELECT destinace_id FROM destinace WHERE nazev = 'Dubai'), (SELECT destinace_id FROM destinace WHERE nazev = 'Prague'), 2140.50, 0);
INSERT INTO ucastnik_letu (cislo_letu, pasazer_id, odkud, kam, cena, pocet_prestupku) VALUES ('OK5', (SELECT pasazer_id FROM pasazer WHERE jmeno = 'Jan' AND prijmeni = 'Kopanina'), (SELECT destinace_id FROM destinace WHERE nazev = 'Dubai'), (SELECT destinace_id FROM destinace WHERE nazev = 'Prague'), 2140.50, 0);
INSERT INTO ucastnik_letu (cislo_letu, pasazer_id, odkud, kam, cena, pocet_prestupku) VALUES ('OK9', (SELECT pasazer_id FROM pasazer WHERE jmeno = 'Homer' AND prijmeni = 'Simpson'), (SELECT destinace_id FROM destinace WHERE nazev = 'Malta'), (SELECT destinace_id FROM destinace WHERE nazev = 'Prague'), 2320.0, 0);
INSERT INTO ucastnik_letu (cislo_letu, pasazer_id, odkud, kam, cena, pocet_prestupku) VALUES ('OK9', (SELECT pasazer_id FROM pasazer WHERE jmeno = 'Hynek' AND prijmeni = 'Herby'), (SELECT destinace_id FROM destinace WHERE nazev = 'Malta'), (SELECT destinace_id FROM destinace WHERE nazev = 'Trondheim'), 3140.0, 0);
INSERT INTO ucastnik_letu (cislo_letu, pasazer_id, odkud, kam, cena, pocet_prestupku) VALUES ('OK7', (SELECT pasazer_id FROM pasazer WHERE jmeno = 'Filip' AND prijmeni = 'Rusnovič'), (SELECT destinace_id FROM destinace WHERE nazev = 'Madrid'), (SELECT destinace_id FROM destinace WHERE nazev = 'Paris'), 1578.0, 0);
INSERT INTO ucastnik_letu (cislo_letu, pasazer_id, odkud, kam, cena, pocet_prestupku) VALUES ('OK7', (SELECT pasazer_id FROM pasazer WHERE jmeno = 'Ladislava' AND prijmeni = 'Munzarová'), (SELECT destinace_id FROM destinace WHERE nazev = 'Paris'), (SELECT destinace_id FROM destinace WHERE nazev = 'Istanbul'), 2420.0, 0);
INSERT INTO ucastnik_letu (cislo_letu, pasazer_id, odkud, kam, cena, pocet_prestupku) VALUES ('OK7', (SELECT pasazer_id FROM pasazer WHERE jmeno = 'Leoš' AND prijmeni = 'Kuzmovič'), (SELECT destinace_id FROM destinace WHERE nazev = 'Paris'), (SELECT destinace_id FROM destinace WHERE nazev = 'Istanbul'), 2420.0, 0);
INSERT INTO ucastnik_letu (cislo_letu, pasazer_id, odkud, kam, cena, pocet_prestupku) VALUES ('OK15', (SELECT pasazer_id FROM pasazer WHERE jmeno = 'Milena' AND prijmeni = 'Zvířetová'), (SELECT destinace_id FROM destinace WHERE nazev = 'London'), (SELECT destinace_id FROM destinace WHERE nazev = 'Prague'), 1800.0, 0);
INSERT INTO ucastnik_letu (cislo_letu, pasazer_id, odkud, kam, cena, pocet_prestupku) VALUES ('OK15', (SELECT pasazer_id FROM pasazer WHERE jmeno = 'Sadam' AND prijmeni = 'Husain'), (SELECT destinace_id FROM destinace WHERE nazev = 'London'), (SELECT destinace_id FROM destinace WHERE nazev = 'Prague'), 1800.0, 0);
INSERT INTO ucastnik_letu (cislo_letu, pasazer_id, odkud, kam, cena, pocet_prestupku) VALUES ('OK7', (SELECT pasazer_id FROM pasazer WHERE jmeno = 'Arnold' AND prijmeni = 'Schwarzeneger'), (SELECT destinace_id FROM destinace WHERE nazev = 'Paris'), (SELECT destinace_id FROM destinace WHERE nazev = 'Istanbul'), 2900.0, 0);
INSERT INTO ucastnik_letu (cislo_letu, pasazer_id, odkud, kam, cena, pocet_prestupku) VALUES ('OK6', (SELECT pasazer_id FROM pasazer WHERE jmeno = 'Kamil' AND prijmeni = 'Sytý'), (SELECT destinace_id FROM destinace WHERE nazev = 'Lisbon'), (SELECT destinace_id FROM destinace WHERE nazev = 'St Petersburg'), 4900.0, 0);
INSERT INTO ucastnik_letu (cislo_letu, pasazer_id, odkud, kam, cena, pocet_prestupku) VALUES ('OK6', (SELECT pasazer_id FROM pasazer WHERE jmeno = 'Will' AND prijmeni = 'Downhill'), (SELECT destinace_id FROM destinace WHERE nazev = 'Lisbon'), (SELECT destinace_id FROM destinace WHERE nazev = 'St Petersburg'), 4900.0, 0);
INSERT INTO ucastnik_letu (cislo_letu, pasazer_id, odkud, kam, cena, pocet_prestupku) VALUES ('OK6', (SELECT pasazer_id FROM pasazer WHERE jmeno = 'Daniel' AND prijmeni = 'Výbojný'), (SELECT destinace_id FROM destinace WHERE nazev = 'Prague'), (SELECT destinace_id FROM destinace WHERE nazev = 'St Petersburg'), 2900.0, 1);
INSERT INTO ucastnik_letu (cislo_letu, pasazer_id, odkud, kam, cena, pocet_prestupku) VALUES ('OK6', (SELECT pasazer_id FROM pasazer WHERE jmeno = 'Forest' AND prijmeni = 'Gump'), (SELECT destinace_id FROM destinace WHERE nazev = 'Lisbon'), (SELECT destinace_id FROM destinace WHERE nazev = 'St Petersburg'), 4900.0, 0);
INSERT INTO ucastnik_letu (cislo_letu, pasazer_id, odkud, kam, cena, pocet_prestupku) VALUES ('OK6', (SELECT pasazer_id FROM pasazer WHERE jmeno = 'Hynek' AND prijmeni = 'Bašta'), (SELECT destinace_id FROM destinace WHERE nazev = 'Prague'), (SELECT destinace_id FROM destinace WHERE nazev = 'St Petersburg'), 2900.0, 0);
INSERT INTO ucastnik_letu (cislo_letu, pasazer_id, odkud, kam, cena, pocet_prestupku) VALUES ('OK6', (SELECT pasazer_id FROM pasazer WHERE jmeno = 'Kirsten' AND prijmeni = 'Bovariová'), (SELECT destinace_id FROM destinace WHERE nazev = 'Prague'), (SELECT destinace_id FROM destinace WHERE nazev = 'St Petersburg'), 2900.0, 0);
INSERT INTO ucastnik_letu (cislo_letu, pasazer_id, odkud, kam, cena, pocet_prestupku) VALUES ('OK6', (SELECT pasazer_id FROM pasazer WHERE jmeno = 'Karel' AND prijmeni = 'Gott'), (SELECT destinace_id FROM destinace WHERE nazev = 'Lisbon'), (SELECT destinace_id FROM destinace WHERE nazev = 'St Petersburg'), 4900.0, 0);
INSERT INTO ucastnik_letu (cislo_letu, pasazer_id, odkud, kam, cena, pocet_prestupku) VALUES ('OK6', (SELECT pasazer_id FROM pasazer WHERE jmeno = 'Michael' AND prijmeni = 'Gotling'), (SELECT destinace_id FROM destinace WHERE nazev = 'Lisbon'), (SELECT destinace_id FROM destinace WHERE nazev = 'St Petersburg'), 4900.0, 0);
INSERT INTO ucastnik_letu (cislo_letu, pasazer_id, odkud, kam, cena, pocet_prestupku) VALUES ('OK17', (SELECT pasazer_id FROM pasazer WHERE jmeno = 'Milan' AND prijmeni = 'Rezek'), (SELECT destinace_id FROM destinace WHERE nazev = 'London'), (SELECT destinace_id FROM destinace WHERE nazev = 'Moscow'), 3340.0, 0);
INSERT INTO ucastnik_letu (cislo_letu, pasazer_id, odkud, kam, cena, pocet_prestupku) VALUES ('OK17', (SELECT pasazer_id FROM pasazer WHERE jmeno = 'Bořek' AND prijmeni = 'Stavitel'), (SELECT destinace_id FROM destinace WHERE nazev = 'London'), (SELECT destinace_id FROM destinace WHERE nazev = 'Moscow'), 3340.0, 0);
INSERT INTO ucastnik_letu (cislo_letu, pasazer_id, odkud, kam, cena, pocet_prestupku) VALUES ('OK13', (SELECT pasazer_id FROM pasazer WHERE jmeno = 'Daniel' AND prijmeni = 'Výbojný'), (SELECT destinace_id FROM destinace WHERE nazev = 'Oslo'), (SELECT destinace_id FROM destinace WHERE nazev = 'Berlin'), 1900.0, 1);
INSERT INTO ucastnik_letu (cislo_letu, pasazer_id, odkud, kam, cena, pocet_prestupku) VALUES ('OK13', (SELECT pasazer_id FROM pasazer WHERE jmeno = 'Uma' AND prijmeni = 'Thurman'), (SELECT destinace_id FROM destinace WHERE nazev = 'Berlin'), (SELECT destinace_id FROM destinace WHERE nazev = 'Prague'), 890.0, 0);
INSERT INTO ucastnik_letu (cislo_letu, pasazer_id, odkud, kam, cena, pocet_prestupku) VALUES ('OK12', (SELECT pasazer_id FROM pasazer WHERE jmeno = 'Martina' AND prijmeni = 'Postránecká'), (SELECT destinace_id FROM destinace WHERE nazev = 'Manchester'), (SELECT destinace_id FROM destinace WHERE nazev = 'Ekaterinburg'), 4340.0, 0);
INSERT INTO ucastnik_letu (cislo_letu, pasazer_id, odkud, kam, cena, pocet_prestupku) VALUES ('OK12', (SELECT pasazer_id FROM pasazer WHERE jmeno = 'Richard' AND prijmeni = 'Tesařík'), (SELECT destinace_id FROM destinace WHERE nazev = 'Stockholm'), (SELECT destinace_id FROM destinace WHERE nazev = 'Ekaterinburg'), 3100.0, 0);
INSERT INTO ucastnik_letu (cislo_letu, pasazer_id, odkud, kam, cena, pocet_prestupku) VALUES ('OK12', (SELECT pasazer_id FROM pasazer WHERE jmeno = 'Tamara' AND prijmeni = 'Hudecká'), (SELECT destinace_id FROM destinace WHERE nazev = 'Stockholm'), (SELECT destinace_id FROM destinace WHERE nazev = 'Ekaterinburg'), 3100.0, 0);
INSERT INTO ucastnik_letu (cislo_letu, pasazer_id, odkud, kam, cena, pocet_prestupku) VALUES ('OK12', (SELECT pasazer_id FROM pasazer WHERE jmeno = 'Timoty' AND prijmeni = 'Pilsner'), (SELECT destinace_id FROM destinace WHERE nazev = 'Stockholm'), (SELECT destinace_id FROM destinace WHERE nazev = 'Ekaterinburg'), 3100.0, 0);
INSERT INTO ucastnik_letu (cislo_letu, pasazer_id, odkud, kam, cena, pocet_prestupku) VALUES ('OK12', (SELECT pasazer_id FROM pasazer WHERE jmeno = 'Winona' AND prijmeni = 'Ryder'), (SELECT destinace_id FROM destinace WHERE nazev = 'Manchester'), (SELECT destinace_id FROM destinace WHERE nazev = 'Ekaterinburg'), 4340.0, 0);

update zamestnanec set pohlavi = 'f' where jmeno = 'Helena' or jmeno = 'Jana'
or jmeno = 'Eliška' or jmeno = 'Monika' or jmeno = 'Kristýna' or jmeno = 'Zuzana';


commit;